-- phpMyAdmin SQL Dump
-- version 5.1.1
-- https://www.phpmyadmin.net/
--
-- Máy chủ: 127.0.0.1
-- Thời gian đã tạo: Th5 22, 2025 lúc 11:30 AM
-- Phiên bản máy phục vụ: 10.4.21-MariaDB
-- Phiên bản PHP: 7.3.30

SET SQL_MODE = "NO_AUTO_VALUE_ON_ZERO";
START TRANSACTION;
SET time_zone = "+00:00";


/*!40101 SET @OLD_CHARACTER_SET_CLIENT=@@CHARACTER_SET_CLIENT */;
/*!40101 SET @OLD_CHARACTER_SET_RESULTS=@@CHARACTER_SET_RESULTS */;
/*!40101 SET @OLD_COLLATION_CONNECTION=@@COLLATION_CONNECTION */;
/*!40101 SET NAMES utf8mb4 */;

--
-- Cơ sở dữ liệu: `tintuc`
--

-- --------------------------------------------------------

--
-- Cấu trúc bảng cho bảng `binhluan`
--

CREATE TABLE `binhluan` (
  `id` int(11) NOT NULL,
  `tintuc_id` int(11) DEFAULT NULL,
  `nguoidung_id` int(11) DEFAULT NULL,
  `noidung` text DEFAULT NULL,
  `ngay` datetime NOT NULL DEFAULT current_timestamp()
) ENGINE=InnoDB DEFAULT CHARSET=utf8mb4;

--
-- Đang đổ dữ liệu cho bảng `binhluan`
--

INSERT INTO `binhluan` (`id`, `tintuc_id`, `nguoidung_id`, `noidung`, `ngay`) VALUES
(5, 16, 5, 'dcsdcs', '2025-04-05 11:10:00'),
(6, 20, 5, 'ffvdf', '2025-04-08 10:15:01'),
(8, 29, 5, 'fff', '2025-05-06 19:19:31'),
(10, 17, 5, 'ok đấy\r\n', '2025-05-22 16:20:25');

-- --------------------------------------------------------

--
-- Cấu trúc bảng cho bảng `chude`
--

CREATE TABLE `chude` (
  `id` int(11) NOT NULL,
  `ten` varchar(255) NOT NULL
) ENGINE=InnoDB DEFAULT CHARSET=utf8mb4;

--
-- Đang đổ dữ liệu cho bảng `chude`
--

INSERT INTO `chude` (`id`, `ten`) VALUES
(1, 'Giáo dục'),
(2, 'Chính trị'),
(3, 'Kinh tế'),
(4, 'Xã hội'),
(5, 'Thể thao'),
(6, 'Giải trí'),
(7, 'Công nghệ'),
(8, 'Khoa học'),
(9, 'Sức khỏe'),
(10, 'Môi trường');

-- --------------------------------------------------------

--
-- Cấu trúc bảng cho bảng `gopy`
--

CREATE TABLE `gopy` (
  `id` int(11) NOT NULL,
  `hoten` varchar(500) NOT NULL,
  `email` varchar(500) NOT NULL,
  `tieude` varchar(500) NOT NULL,
  `noidung` text DEFAULT NULL,
  `ngay` datetime NOT NULL DEFAULT current_timestamp()
) ENGINE=InnoDB DEFAULT CHARSET=utf8mb4;

--
-- Đang đổ dữ liệu cho bảng `gopy`
--

INSERT INTO `gopy` (`id`, `hoten`, `email`, `tieude`, `noidung`, `ngay`) VALUES
(4, 'Quản Trị Viên', 'C@gmail.com', 'Tổng Bí thư Tô Lâm tiếp Chủ tịch NVIDIA và các nhà khoa học dự giải VinFuture', 'CCD', '2025-04-08 10:19:27');

-- --------------------------------------------------------

--
-- Cấu trúc bảng cho bảng `nguoidung`
--

CREATE TABLE `nguoidung` (
  `id` int(11) NOT NULL,
  `hoten` varchar(250) NOT NULL,
  `email` varchar(250) NOT NULL,
  `taikhoan` varchar(255) NOT NULL,
  `matkhau` varchar(255) NOT NULL,
  `vaitro` int(11) NOT NULL
) ENGINE=InnoDB DEFAULT CHARSET=utf8mb4;

--
-- Đang đổ dữ liệu cho bảng `nguoidung`
--

INSERT INTO `nguoidung` (`id`, `hoten`, `email`, `taikhoan`, `matkhau`, `vaitro`) VALUES
(3, 'Quản Trị Viên', 'admin@gmail.com', 'admin', '123456', 1),
(4, 'Bùi Văn Hào', 'buihao@gmail.com', 'buihao', '123456', 2),
(5, 'Trình Văn C', 'C@gmail.com', 'qq', '123456', 2);

-- --------------------------------------------------------

--
-- Cấu trúc bảng cho bảng `tintuc`
--

CREATE TABLE `tintuc` (
  `id` int(11) NOT NULL,
  `chude_id` int(11) DEFAULT NULL,
  `tieude` varchar(255) NOT NULL,
  `anh` varchar(500) NOT NULL,
  `noidung` text DEFAULT NULL,
  `ngay` datetime NOT NULL DEFAULT current_timestamp(),
  `nguoidung_id` int(11) NOT NULL,
  `trangthai` int(11) DEFAULT 1
) ENGINE=InnoDB DEFAULT CHARSET=utf8mb4;

--
-- Đang đổ dữ liệu cho bảng `tintuc`
--

INSERT INTO `tintuc` (`id`, `chude_id`, `tieude`, `anh`, `noidung`, `ngay`, `nguoidung_id`, `trangthai`) VALUES
(16, 2, 'Tổng Bí thư Tô Lâm điện đàm với Tổng thống Mỹ Trump', 'vna-potal-tong-bi-thu-to-lam-d-2945-9979-1743783149.jpn.webp', '<p>Tổng B&iacute; thư T&ocirc; L&acirc;m điện đ&agrave;m với Tổng thống Donald Trump, cho biết sẵn s&agrave;ng trao đổi với Mỹ để đưa mức thuế nhập khẩu về 0% đối với h&agrave;ng nhập từ Mỹ v&agrave; đề nghị Mỹ &aacute;p dụng mức thuế tương tự đối với h&agrave;ng nhập từ Việt Nam.</p>\r\n\r\n<p>Tham dự điện đ&agrave;m từ Trụ sở Trung ương Đảng tối 4/4 c&ograve;n c&oacute; Thủ tướng Phạm Minh Ch&iacute;nh, Ch&aacute;nh Văn ph&ograve;ng Trung ương Đảng L&ecirc; Ho&agrave;i Trung, Ph&oacute; Thủ tướng Hồ Đức Phớc.</p>\r\n\r\n<p>Tổng B&iacute; thư T&ocirc; L&acirc;m đ&aacute;nh gi&aacute; cao cuộc trao đổi, trong đ&oacute; hai l&atilde;nh đạo khẳng định mong muốn tiếp tục tăng cường hợp t&aacute;c song phương, v&igrave; lợi &iacute;ch hai nước v&agrave; đ&oacute;ng g&oacute;p cho h&ograve;a b&igrave;nh, ổn định v&agrave; ph&aacute;t triển ở khu vực v&agrave; tr&ecirc;n thế giới. Hai l&atilde;nh đạo c&ugrave;ng đ&aacute;nh gi&aacute; quan hệ hai nước đang ph&aacute;t triển tốt đẹp tr&ecirc;n c&aacute;c lĩnh vực, theo Bộ Ngoại giao.</p>\r\n\r\n<p><img alt=\"Tổng Bí thư Tô Lâm điện đàm với Tổng thống Mỹ Donald Trump tối 4/4. Ảnh: TTXVN\" src=\"https://i1-vnexpress.vnecdn.net/2025/04/04/vna-potal-tong-bi-thu-to-lam-d-2945-9979-1743783149.jpg?w=680&amp;h=0&amp;q=100&amp;dpr=1&amp;fit=crop&amp;s=l7xpwt-PxGiD1BwhsttzAg\" /></p>\r\n\r\n<p>Tổng B&iacute; thư T&ocirc; L&acirc;m điện đ&agrave;m với Tổng thống Mỹ Donald Trump từ Trụ sở Trung ương Đảng tối 4/4. Ảnh:&nbsp;<em>TTXVN</em></p>\r\n\r\n<p>Về quan hệ thương mại song phương, hai l&atilde;nh đạo c&ugrave;ng trao đổi c&aacute;c biện ph&aacute;p để tiếp tục th&uacute;c đẩy việc giao thương. Tổng B&iacute; thư T&ocirc; L&acirc;m khẳng định Việt Nam sẵn s&agrave;ng trao đổi với ph&iacute;a Mỹ để đưa mức thuế nhập khẩu về 0% đối với h&agrave;ng h&oacute;a nhập khẩu từ Mỹ, đồng thời đề nghị Mỹ &aacute;p dụng mức thuế tương tự đối với h&agrave;ng h&oacute;a nhập khẩu từ Việt Nam.</p>\r\n\r\n<p>Tổng B&iacute; thư cũng cho biết Việt Nam sẵn s&agrave;ng tiếp tục nhập khẩu nhiều h&agrave;ng h&oacute;a từ Mỹ m&agrave; Việt Nam c&oacute; nhu cầu v&agrave; khuyến kh&iacute;ch, tạo điều kiện thuận lợi để c&aacute;c c&ocirc;ng ty từ Mỹ tăng cường đầu tư hơn nữa v&agrave;o Việt Nam.</p>\r\n\r\n<p>Hai l&atilde;nh đạo khẳng định sẽ c&ugrave;ng trao đổi để sớm k&yacute; một thỏa thuận song phương nhằm cụ thể h&oacute;a những cam kết tr&ecirc;n.</p>\r\n\r\n<p>Tổng B&iacute; thư T&ocirc; L&acirc;m mời Tổng thống Donald Trump v&agrave; Phu nh&acirc;n sớm thăm lại Việt Nam. Tổng thống Donald Trump nhận lời v&agrave; b&agrave;y tỏ mong muốn sớm gặp lại Tổng B&iacute; thư T&ocirc; L&acirc;m. Tổng thống Donald Trump tr&acirc;n trọng nhờ Tổng B&iacute; thư T&ocirc; L&acirc;m chuyển lời thăm hỏi th&acirc;n t&igrave;nh tới c&aacute;c l&atilde;nh đạo v&agrave; nh&acirc;n d&acirc;n Việt Nam.</p>\r\n\r\n<p>Video Player is loading.</p>\r\n\r\n<p>Dừng</p>\r\n\r\n<p>Hiện tại&nbsp;0:04</p>\r\n\r\n<p>/</p>\r\n\r\n<p>Thời lượng&nbsp;0:58</p>\r\n\r\n<p>Đ&atilde; tải: 0%</p>\r\n\r\n<p>Tiến tr&igrave;nh: 0%</p>\r\n\r\n<p>Bỏ tắt tiếng</p>\r\n\r\n<p>To&agrave;n m&agrave;n h&igrave;nh</p>\r\n\r\n<p>&nbsp;</p>\r\n\r\n<p>Tổng B&iacute; thư T&ocirc; L&acirc;m điện đ&agrave;m với Tổng thống Mỹ Donald Trump từ Trụ sở Trung ương Đảng tối 4/4. Video:&nbsp;<em>VTV</em></p>\r\n\r\n<p>Theo số liệu từ Cục Hải Quan, năm 2024 Việt Nam xuất khẩu sang Mỹ lượng h&agrave;ng trị gi&aacute; 119,5 tỷ USD v&agrave; nhập từ thị trường n&agrave;y 15,1 tỷ USD.</p>\r\n\r\n<p>H&ocirc;m 2/4, Tổng thống Mỹ Donald Trump c&ocirc;ng bố &aacute;p thuế nhập khẩu đối ứng với hơn 180 đối t&aacute;c thương mại, dao động 10-50%. Việt Nam thuộc nh&oacute;m chịu mức cao nhất, với thuế suất 46%. Mỹ tuy&ecirc;n bố mức thuế n&agrave;y nhằm &quot;đối ứng&quot; thuế nhập khẩu Việt Nam đang &aacute;p dụng với h&agrave;ng h&oacute;a từ Mỹ, l&agrave; &quot;khoảng 90%&quot;, theo c&aacute;ch t&iacute;nh của Washington.</p>\r\n\r\n<p>Tuy nhi&ecirc;n, tại họp b&aacute;o thường kỳ ng&agrave;y 3/4, &ocirc;ng Trương B&aacute; Tuấn, Ph&oacute; vụ trưởng Vụ Ch&iacute;nh s&aacute;ch Thuế (Bộ T&agrave;i ch&iacute;nh) khẳng định mặt bằng thuế quan của Việt Nam &aacute;p dụng với h&agrave;ng h&oacute;a nhập khẩu từ Mỹ &quot;thấp hơn rất nhiều so với con số 90% m&agrave; Mỹ t&iacute;nh to&aacute;n&quot;.</p>\r\n\r\n<p>&Ocirc;ng Tuấn dẫn th&ocirc;ng tin từ b&aacute;o c&aacute;o của cơ quan thương mại của Mỹ cho biết mức thuế suất b&igrave;nh qu&acirc;n của Việt Nam &aacute;p dụng với h&agrave;ng h&oacute;a nước n&agrave;y chỉ khoảng 9,4%. Trong đ&oacute;, phần lớn mặt h&agrave;ng của Mỹ khi xuất khẩu sang Việt Nam chịu thuế cao nhất 15% hoặc thấp hơn.</p>\r\n', '2025-04-05 11:07:07', 3, 1),
(17, 1, 'Bộ Giáo dục: Sẽ không bắt buộc dạy 2 buổi mỗi ngày', '993511ab590ce952b01d-174373246-7238-4098-1743733678.jpn.webp', '<p>Vụ trưởng Giáo dục Ph&ocirc;̉ th&ocirc;ng nói kh&ocirc;ng bắt bu&ocirc;̣c, mà khuy&ecirc;́n khích các trường dạy bu&ocirc;̉i 2 n&ecirc;́u đủ cơ sở v&acirc;̣t ch&acirc;́t, giáo vi&ecirc;n, tránh đ&ecirc;̉ học sinh &quot;chạy đ&ocirc;n đáo&quot; tìm nơi học.</p>\r\n\r\n<p>&Ocirc;ng Th&aacute;i Văn T&agrave;i, Vụ trưởng Gi&aacute;o dục Phổ th&ocirc;ng, Bộ Gi&aacute;o dục v&agrave; Đ&agrave;o tạo, tối 4/4 trả lời&nbsp;<em>VnExpress</em>, về y&ecirc;u cầu&nbsp;<a href=\"https://vnexpress.net/se-bat-buoc-day-2-buoi-moi-ngay-tu-lop-6-den-12-4869874.html\" rel=\"dofollow\">dạy học hai buổi mỗi ng&agrave;y</a>&nbsp;ở c&aacute;c trường THCS, THPT. Hiện cả nước c&oacute; hơn 13.700 trường học, với gần 9,5 triệu học sinh ở hai cấp n&agrave;y.</p>\r\n\r\n<p>Theo &ocirc;ng T&agrave;i, trường học c&oacute; nhiệm vụ ho&agrave;n th&agrave;nh y&ecirc;u cầu của chương tr&igrave;nh, đồng thời đ&aacute;p ứng nhu cầu học sinh. Thực tế cuộc sống đ&ograve;i hỏi c&aacute;c em c&oacute; th&ecirc;m nhiều kiến thức, kỹ năng, m&agrave; chương tr&igrave;nh chưa thể đ&aacute;p ứng v&agrave; bao qu&aacute;t hết.</p>\r\n\r\n<p>&quot;V&igrave; vậy, trường THCS, THPT phải hướng đến học buổi 2 khi đủ cơ sở vật chất&quot;, &ocirc;ng T&agrave;i n&oacute;i. &quot;Đ&oacute; l&agrave; một trong những nhu cầu ch&iacute;nh đ&aacute;ng của người học, hướng đến đảm bảo c&ocirc;ng bằng trong tiếp cận gi&aacute;o dục&quot;.</p>\r\n\r\n<p>Tuy nhi&ecirc;n, Bộ kh&ocirc;ng bắt buộc, m&agrave; l&agrave; khuyến kh&iacute;ch dạy buổi 2 với những trường c&oacute; đủ cơ sở vật chất, gi&aacute;o vi&ecirc;n; tr&aacute;nh t&igrave;nh trạng trường đủ ph&ograve;ng, đủ người nhưng đ&oacute;ng cửa, c&ograve;n học sinh &quot;phải chạy đ&ocirc;n đ&aacute;o&quot; t&igrave;m nơi học.</p>\r\n\r\n<p><img alt=\"Vụ trưởng Thái Văn Tài tại một hội nghị được tổ chức cuối tháng 3/2025. Ảnh: Trần Hiệp\" src=\"https://i1-vnexpress.vnecdn.net/2025/04/04/imgl5656-jpg-1743765531-174376-8990-3037-1743774411.jpg?w=680&amp;h=0&amp;q=100&amp;dpr=1&amp;fit=crop&amp;s=-pmw8wL2ox4kMhT-v8QJdg\" /></p>\r\n\r\n<p>Vụ trưởng Th&aacute;i Văn T&agrave;i tại một hội nghị của Bộ Gi&aacute;o dục v&agrave; Đ&agrave;o tạo, hồi cuối th&aacute;ng 3. Ảnh:&nbsp;<em>Trần Hiệp</em></p>\r\n\r\n<p>&Ocirc;ng T&agrave;i cho hay dự kiến trong th&aacute;ng 5, Bộ sẽ ra hướng dẫn cụ thể.</p>\r\n\r\n<p>&quot;Dạy buổi 2 kh&ocirc;ng phải dạy th&ecirc;m, học th&ecirc;m, m&agrave; dạy kiến thức, kỹ năng để học sinh đ&aacute;p ứng xu thế ph&aacute;t triển của x&atilde; hội&quot;, &ocirc;ng n&oacute;i.</p>\r\n\r\n<p>Theo &ocirc;ng, trường học n&ecirc;n tổ chức c&aacute;c lớp STEM (Khoa học, C&ocirc;ng nghệ, Kỹ thuật, To&aacute;n học), AI (tr&iacute; tuệ nh&acirc;n tạo), năng lực số, học tiếng Anh với người nước ngo&agrave;i... Việc c&oacute; thu ph&iacute; buổi 2 hay kh&ocirc;ng sẽ phụ thuộc nội dung học v&agrave; ch&iacute;nh s&aacute;ch từng địa phương.</p>\r\n\r\n<p>Hai ng&agrave;y trước, tại buổi l&agrave;m việc của Bộ với TP HCM, &ocirc;ng T&agrave;i n&oacute;i chương tr&igrave;nh mới kh&ocirc;ng chỉ dạy kiến thức đơn thuần m&agrave; hướng đến ph&aacute;t triển phẩm chất, năng lực học sinh n&ecirc;n c&aacute;c trường phải dạy 2 buổi mỗi ng&agrave;y.</p>\r\n\r\n<p>&quot;Tổ chức dạy 2 buổi mỗi ng&agrave;y l&agrave; nhiệm vụ kh&ocirc;ng thể chậm trễ hơn được nữa&quot;, &ocirc;ng n&oacute;i.</p>\r\n\r\n<p>Khảo s&aacute;t của&nbsp;<em>VnExpress</em>&nbsp;với hơn 38.600 độc giả, t&iacute;nh đến s&aacute;ng nay cho thấy khoảng 32% đồng t&igrave;nh với Bộ, 60% phản đối.</p>\r\n', '2025-04-05 12:03:41', 5, 1),
(18, 2, 'Hằng Du Mục, Quang Linh Vlogs thừa nhận sai phạm tại cơ quan điều tra', 'Screen-Shot-2025-04-04-at-19-4-7669-9209-1743771386.jpn.webp', '<p>Nguyễn Thị Th&aacute;i Hằng b&agrave;y tỏ hối hận, thừa nhận h&agrave;nh vi lừa dối kh&aacute;ch h&agrave;ng, quảng c&aacute;o sai sự thật về &quot;kẹo rau củ Kera&quot; l&agrave; nghi&ecirc;m trọng, v&igrave; đ&acirc;y l&agrave; thực phẩm ăn v&agrave;o cơ thể.</p>\r\n\r\n<p>Nguyễn Thị Th&aacute;i Hằng (tức Hằng Du Mục, Chủ tịch HĐQT C&ocirc;ng ty Cổ phần Tập đo&agrave;n Chị Em Rọt); Phạm Quang Linh (tức Quang Linh Vlogs, th&agrave;nh vi&ecirc;n HĐQT) bị Cơ quan cảnh s&aacute;t điều tra Bộ C&ocirc;ng an (C01) bắt về tội&nbsp;<em>Lừa dối kh&aacute;ch h&agrave;ng&nbsp;</em><a href=\"https://vnexpress.net/hang-du-muc-khoc-thua-nhan-sai-pham-tai-co-quan-dieu-tra-4870338-p3.html\" title=\"theo khoản 2 Điều 198\">theo khoản 2 Điều 198</a>&nbsp;Bộ luật H&igrave;nh sự, ng&agrave;y 4/4.</p>\r\n\r\n<p>Qu&aacute; tr&igrave;nh điều tra, 2 bị can th&agrave;nh khẩn thừa nhận sai phạm. Hằng Du Mục kh&oacute;c, thừa nhận bản th&acirc;n c&oacute; tr&aacute;ch nhiệm rất lớn trong việc quảng c&aacute;o sai sự thật về &quot;kẹo rau củ Kera&quot;, bởi đ&acirc;y l&agrave; sản phẩm người d&acirc;n ăn v&agrave;o trong cơ thể.</p>\r\n\r\n<p>&quot;Nếu như ng&agrave;y đ&oacute; trong qu&aacute; tr&igrave;nh sản xuất, đội ngũ ch&uacute;ng t&ocirc;i khắt khe v&agrave; nghi&ecirc;m khắc r&agrave; so&aacute;t thật kỹ th&igrave; kh&ocirc;ng c&oacute; ng&agrave;y h&ocirc;m nay&quot;, Chủ tịch HĐQT C&ocirc;ng ty cổ phần tập đo&agrave;n Chị em rọt, n&oacute;i.</p>\r\n\r\n<p><img alt=\"Nguyễn Thị Thái Hằng (tức Hằng Du Mục) tại cơ quan điều tra. Ảnh: Bộ Công an\" src=\"https://i1-vnexpress.vnecdn.net/2025/04/05/Screen-Shot-2025-04-04-at-19-4-7317-1511-1743826186.jpg?w=680&amp;h=0&amp;q=100&amp;dpr=1&amp;fit=crop&amp;s=THFuSCHk9xAK_8__K1_sNA\" /></p>\r\n\r\n<p>Nguyễn Thị Th&aacute;i Hằng (tức Hằng Du Mục) tại cơ quan điều tra. Ảnh:&nbsp;<em>Bộ C&ocirc;ng an</em></p>\r\n\r\n<p>Video Player is loading.</p>\r\n\r\n<p>Dừng</p>\r\n\r\n<p>Hiện tại&nbsp;0:04</p>\r\n\r\n<p>/</p>\r\n\r\n<p>Thời lượng&nbsp;1:38</p>\r\n\r\n<p>Đ&atilde; tải: 0%</p>\r\n\r\n<p>Tiến tr&igrave;nh: 0%</p>\r\n\r\n<p>Bỏ tắt tiếng</p>\r\n\r\n<p>To&agrave;n m&agrave;n h&igrave;nh</p>\r\n\r\n<p>&nbsp;</p>\r\n\r\n<p>Quang Linh Vlogs, Hằng Du Mục b&agrave;y tỏ hối hận. Video:&nbsp;<em>Mai Anh - Huy Mạnh</em></p>\r\n\r\n<p>Tương tự, Quang Linh Vlogs cũng thừa nhận vi phạm v&agrave; gửi lời xin lỗi đến những người đ&atilde; tin tưởng, mua sản phẩm &quot;kh&ocirc;ng c&oacute; những th&agrave;nh phần như c&ocirc;ng bố&quot;.</p>\r\n\r\n<p>Li&ecirc;n quan đến vụ &aacute;n, L&ecirc; Tuấn Linh (Gi&aacute;m đốc, đại diện ph&aacute;p luật C&ocirc;ng ty cổ phần tập đo&agrave;n Chị em rọt) v&agrave; L&ecirc; Th&agrave;nh C&ocirc;ng (th&agrave;nh vi&ecirc;n HĐQT) bị bắt với vai tr&ograve; đồng phạm.</p>\r\n\r\n<p>Đặc biệt, Nguyễn Phong (Chủ tịch HĐQT C&ocirc;ng ty cổ phần Asia life) bị bắt tạm giam về tội&nbsp;<em>Sản xuất h&agrave;ng giả l&agrave; thực phẩm</em>&nbsp;theo khoản 4 Điều 193 Bộ luật H&igrave;nh sự.</p>\r\n\r\n<p><strong><a href=\"https://vnexpress.net/hang-du-muc-khoc-thua-nhan-sai-pham-tai-co-quan-dieu-tra-4870338-p2.html\" title=\"&gt;&gt; Khung hình phạt khoản 4\">&gt;&gt; Khung h&igrave;nh phạt khoản 4</a></strong>&nbsp;tội&nbsp;<em>Sản xuất h&agrave;ng giả l&agrave; thực phẩm</em></p>\r\n\r\n<p><strong><a href=\"https://vnexpress.net/hang-du-muc-khoc-thua-nhan-sai-pham-tai-co-quan-dieu-tra-4870338-p4.html\" title=\"&gt;&gt; Hàng giả là gì?\">&gt;&gt; H&agrave;ng giả l&agrave; g&igrave;?</a></strong></p>\r\n\r\n<p><img alt=\"Nguyễn Phong (Chủ tịch HĐQT Công ty cổ phần Asia life) nghe cảnh sát đọc lệnh bắt giam. Ảnh: Bộ Công an\" src=\"https://i1-vnexpress.vnecdn.net/2025/04/05/Screen-Shot-2025-04-05-at-11-0-4087-2398-1743826186.jpg?w=680&amp;h=0&amp;q=100&amp;dpr=1&amp;fit=crop&amp;s=c1NjqIcINYZHL_h0pX5LnQ\" /></p>\r\n\r\n<p>Nguyễn Phong (Chủ tịch HĐQT C&ocirc;ng ty cổ phần Asia life) nghe cảnh s&aacute;t đọc lệnh bắt giam. Ảnh:&nbsp;<em>Bộ C&ocirc;ng an</em></p>\r\n\r\n<p>C01 x&aacute;c định, sản phẩm thực phẩm bổ sung Kera SuperGreens Gummies (thường được gọi l&agrave; kẹo Kera) l&agrave; sản phẩm của C&ocirc;ng ty Cổ phần Tập đo&agrave;n Chị Em Rọt, do C&ocirc;ng ty Cổ phần Asia life sản xuất l&agrave; &quot;h&agrave;ng giả&quot;.</p>\r\n\r\n<p>Trong thời gian từ 12/12/2024 đến ng&agrave;y 19/3/2025, sản phẩm n&agrave;y đ&atilde; được Hoa hậu Nguyễn Th&uacute;c Thủy Ti&ecirc;n, Nguyễn Thị Th&aacute;i Hằng (Hằng Du mục) v&agrave; Phạm Quang Linh (Quang Linh Vlogs) quảng c&aacute;o sai sự thật tr&ecirc;n c&aacute;c nền tảng mạng x&atilde; hội - gi&uacute;p C&ocirc;ng ty Cổ phần Tập đo&agrave;n Chị Em Rọt b&aacute;n ra thị trường 135.325 hộp. H&agrave;nh vi n&agrave;y g&acirc;y bức x&uacute;c dư luận, ảnh hưởng nghi&ecirc;m trọng đến quyền lợi người ti&ecirc;u d&ugrave;ng.</p>\r\n\r\n<p>Đối với Hoa hậu Nguyễn Th&uacute;c Thủy Ti&ecirc;n, C&ocirc;ng an tỉnh Đăk Lăk trong giai đoạn đầu điều tra vụ &aacute;n đ&atilde; ra quyết định tạm ho&atilde;n xuất cảnh từ ng&agrave;y 15/3 đến 15/5 để l&agrave;m r&otilde; c&aacute;c sai phạm li&ecirc;n quan. Ngo&agrave;i ra, c&ocirc; bị phạt h&agrave;nh ch&iacute;nh 25 triệu đồng do kh&ocirc;ng th&ocirc;ng b&aacute;o r&otilde; cho người ti&ecirc;u d&ugrave;ng về việc được t&agrave;i trợ khi cung cấp th&ocirc;ng tin sản phẩm tr&ecirc;n nền tảng mạng x&atilde; hội.</p>\r\n\r\n<p>Hiện, nh&agrave; chức tr&aacute;ch tiếp tục điều tra mở rộng vụ &aacute;n, l&agrave;m r&otilde; to&agrave;n bộ sai phạm của c&aacute;c c&aacute; nh&acirc;n li&ecirc;n quan; đồng thời đề nghị c&aacute;c c&aacute; nh&acirc;n, tổ chức đ&atilde; mua kẹo Kera th&igrave; li&ecirc;n hệ với Ph&ograve;ng 3- C01 tại số 47 Phạm Văn Đồng, phường Mai Dịch, quận Cầu Giấy, H&agrave; Nội, để được hướng dẫn giải quyết.</p>\r\n\r\n<p><img alt=\"Phạm Quang Linh (tức Quang Linh Vlogs) khi bị bắt. Ảnh: Bộ Công an\" src=\"https://i1-vnexpress.vnecdn.net/2025/04/05/Screen-Shot-2025-04-04-at-19-4-5759-2022-1743826186.jpg?w=680&amp;h=0&amp;q=100&amp;dpr=1&amp;fit=crop&amp;s=OPWqZGeDNI4SWC8cZ50bwA\" /></p>\r\n\r\n<p>Phạm Quang Linh (tức Quang Linh Vlogs) khi bị bắt. Ảnh:&nbsp;<em>Bộ C&ocirc;ng an</em></p>\r\n\r\n<p>Kẹo do C&ocirc;ng ty Cổ phần ASIA LIFE tại Bu&ocirc;n Ma Thuột, Đăk Lăk, sản xuất. Trước đ&oacute;, &ocirc;ng L&ecirc; Tuấn Linh, Tổng Gi&aacute;m đốc CER, cho hay nguy&ecirc;n liệu được thu mua từ c&aacute;c v&ugrave;ng ở L&acirc;m Đồng, Đăk Lăk, B&igrave;nh Thuận &quot;đảm bảo chất lượng, nguồn gốc r&otilde; r&agrave;ng&quot; v&agrave; 100% sản phẩm được sản xuất tại nh&agrave; m&aacute;y ASIA.</p>\r\n\r\n<p>C&aacute;c sản phẩm n&agrave;y được lan truyền tr&ecirc;n truyền th&ocirc;ng, mạng x&atilde; hội với những th&ocirc;ng tin g&acirc;y hiểu lầm, v&iacute; dụ &quot;một vi&ecirc;n thay thế một đĩa rau xanh&quot;. Tuy nhi&ecirc;n, một người d&ugrave;ng đ&atilde; mang kẹo n&agrave;y đi kiểm tra tại Trung t&acirc;m Kỹ thuật Ti&ecirc;u chuẩn Đo lường Chất lượng 2, kết quả cho thấy cả hộp 30 vi&ecirc;n nhưng lượng chất xơ chỉ c&oacute; 0,51 gram, kh&aacute;c xa so với quảng c&aacute;o.</p>\r\n\r\n<p>Trong kết quả kiểm nghiệm ban đầu c&ocirc;ng bố ng&agrave;y 20/3, đại diện Cục An to&agrave;n Thực phẩm ghi nhận việc quảng c&aacute;o thổi phồng &quot;một vi&ecirc;n kẹo tương đương một đĩa rau&quot; khiến dư luận phản ứng. Cơ quan n&agrave;y cho biết kết quả kiểm nghiệm kẹo rau củ Kera c&oacute; chỉ ti&ecirc;u đường, đạm, chất b&eacute;o v&agrave; năng lượng &quot;cơ bản ph&ugrave; hợp với c&ocirc;ng bố&quot;, song chưa n&oacute;i r&otilde; h&agrave;m lượng chất xơ.</p>\r\n\r\n<p>V&agrave;o cuộc điều tra, Cơ quan cảnh s&aacute;t điều tra Bộ C&ocirc;ng an x&aacute;c định việc sản phẩm kẹo rau củ Kera quảng c&aacute;o sai sự thật tr&ecirc;n c&aacute;c nền tảng mạng x&atilde; hội đ&atilde; g&acirc;y bức x&uacute;c dư luận, ảnh hưởng nghi&ecirc;m trọng đến quyền lợi người ti&ecirc;u d&ugrave;ng, n&ecirc;n phối hợp với Cục Cảnh s&aacute;t ph&ograve;ng chống tội phạm về m&ocirc;i trường, C&ocirc;ng an tỉnh Đăk Lăk, C&ocirc;ng an TP HCM v&agrave; c&aacute;c đơn vị nghiệp vụ điều tra, x&aacute;c minh c&aacute;c h&agrave;nh vi vi phạm.</p>\r\n\r\n<p><strong>Quốc Thắng</strong></p>\r\n', '2025-04-05 12:04:44', 5, 1),
(19, 3, 'Mỹ bắt đầu áp thuế nhập khẩu 10% với tất cả đối tác thương mại', '2024-10-18T001618Z-1877441960-3646-3576-1743825828.webp', '<p>H&agrave;ng h&oacute;a nhập khẩu của hơn 180 quốc gia v&agrave;o Mỹ bắt đầu chịu thuế 10% từ h&ocirc;m nay, theo đ&uacute;ng kế hoạch của &ocirc;ng Trump.</p>\r\n\r\n<p>Từ 0h ng&agrave;y 5/4 (giờ Mỹ), đợt &aacute;p thuế đối ứng đầu ti&ecirc;n của Mỹ c&oacute; hiệu lực. Theo đ&oacute;, tất cả đối t&aacute;c thương mại của nước n&agrave;y sẽ bị &aacute;p thuế nhập khẩu 10%. Kế hoạch n&agrave;y đ&atilde; được Tổng thống Mỹ Donald Trump c&ocirc;ng bố ng&agrave;y 2/4.</p>\r\n\r\n<p>Sau đ&oacute;, kể từ ng&agrave;y 9/4, nếu kh&ocirc;ng c&oacute; g&igrave; thay đổi, c&aacute;c đối t&aacute;c thương mại lớn nhất của Mỹ sẽ chịu thuế đối ứng ở mức cao hơn, l&ecirc;n tới 50%. V&iacute; dụ, Li&ecirc;n minh ch&acirc;u &Acirc;u, Malaysia, Nhật Bản, H&agrave;n Quốc, Ấn Độ chịu 20-26%. Trung Quốc v&agrave; Việt Nam nằm trong nh&oacute;m c&aacute;c nước bị &aacute;p mức thuế cao nhất, lần lượt l&agrave; 34% v&agrave; 46%.</p>\r\n\r\n<p><img alt=\"Container tại cảng Los Angeles ở California (Mỹ) tháng 10/2024. Ảnh: Reuters\" src=\"https://i1-kinhdoanh.vnecdn.net/2025/04/05/2024-10-18T001618Z-1877441960-3646-3576-1743825828.jpg?w=680&amp;h=0&amp;q=100&amp;dpr=1&amp;fit=crop&amp;s=-fc43wSvPQsE09Sr9iYajQ\" /></p>\r\n\r\n<p>Container tại cảng Los Angeles ở California (Mỹ) th&aacute;ng 10/2024. Ảnh:&nbsp;<em>Reuters</em></p>\r\n\r\n<p>Thuế đối ứng &aacute;p dụng với hầu hết h&agrave;ng nhập khẩu v&agrave;o Mỹ. Tuy nhi&ecirc;n, h&agrave;ng trăm sản phẩm sẽ kh&ocirc;ng phải chịu thuế n&agrave;y. V&iacute; dụ, nh&ocirc;m, th&eacute;p, xe hơi, phụ t&ugrave;ng xe hơi đ&atilde; bị Mỹ &aacute;p thuế 25% trước đ&oacute; sẽ tiếp tục &aacute;p dụng mức n&agrave;y. V&agrave;ng, đồng, dược phẩm, sản phẩm b&aacute;n dẫn v&agrave; gỗ cũng vậy. Một số loại năng lượng v&agrave; kho&aacute;ng sản kh&ocirc;ng c&oacute; tại Mỹ cũng kh&ocirc;ng phải tu&acirc;n thủ thuế n&agrave;y.</p>\r\n\r\n<p>Canada v&agrave; Mexico cũng kh&ocirc;ng bị &aacute;p th&ecirc;m thuế đối ứng. Hai quốc gia n&agrave;y trước đ&oacute; đ&atilde; bị Mỹ &aacute;p thuế 25% với gần như to&agrave;n bộ h&agrave;ng nhập khẩu v&agrave;o đ&acirc;y. D&ugrave; vậy, Tổng thống Trump th&aacute;ng trước th&ocirc;ng b&aacute;o ho&atilde;n thuế với nhiều sản phẩm từ hai nước l&aacute;ng giềng, &aacute;p dụng với c&aacute;c sản phẩm được quy định trong Hiệp định Mỹ - Mexico - Canada (USMCA).</p>\r\n\r\n<p>Ch&iacute;nh s&aacute;ch&nbsp;<a href=\"https://vnexpress.net/chu-de/thue-doi-ung-cua-my-8186\" rel=\"dofollow\">thuế đối ứng</a>&nbsp;của &ocirc;ng Trump với hơn 180 đối t&aacute;c thương mại khiến thế giới v&agrave;i ng&agrave;y qua chao đảo. Thị trường chứng kho&aacute;n Mỹ, ch&acirc;u &Aacute;, ch&acirc;u &Acirc;u&nbsp;<a href=\"https://vnexpress.net/chung-khoan-my-tiep-tuc-bi-ban-thao-4870232.html\" rel=\"dofollow\">lao dốc 2 phi&ecirc;n li&ecirc;n tiếp</a>&nbsp;v&igrave; nguy cơ lạm ph&aacute;t, suy tho&aacute;i. Gi&aacute; v&agrave;ng thế giới lập đỉnh mới, sau đ&oacute; bị b&aacute;n th&aacute;o chốt lời. H&agrave;ng loạt l&atilde;nh đạo thế giới l&ecirc;n tiếng phản đối, cho rằng thuế n&agrave;y v&ocirc; l&yacute;. Chủ tịch Fed Jerome Powell cảnh b&aacute;o thuế n&agrave;y c&oacute; thể đẩy cao lạm ph&aacute;t v&agrave;&nbsp;<a href=\"https://vnexpress.net/chu-tich-fed-canh-bao-thue-nhap-khau-keo-tut-tang-truong-my-4870306.html\" rel=\"dofollow\">k&eacute;o tụt tăng trưởng&nbsp;</a>của Mỹ.</p>\r\n\r\n<p>D&ugrave; vậy, Tổng thống Mỹ vẫn bảo vệ quan điểm của m&igrave;nh. Ng&agrave;y 4/4, &ocirc;ng cho biết &quot;sẽ kh&ocirc;ng bao giờ thay đổi ch&iacute;nh s&aacute;ch&quot; v&agrave; khẳng định &quot;mọi thứ đang diễn ra rất tốt&quot;. C&aacute;ch đ&acirc;y v&agrave;i giờ, &ocirc;ng tiếp tục viết tr&ecirc;n mạng x&atilde; hội Truth Social: &quot;C&aacute;c doanh nghiệp lớn kh&ocirc;ng lo lắng về thuế nhập khẩu. V&igrave; họ biết đ&acirc;y l&agrave; ch&iacute;nh s&aacute;ch d&agrave;i hạn. Thay v&agrave;o đ&oacute;, họ đang tập trung v&agrave;o một thỏa thuận lớn, tuyệt vời, c&oacute; thể gi&uacute;p nền kinh tế của ch&uacute;ng ta nhảy vọt&quot;.</p>\r\n\r\n<p>Căng thẳng thương mại to&agrave;n cầu v&agrave;i th&aacute;ng qua leo thang, v&igrave; c&aacute;c ch&iacute;nh s&aacute;ch bảo hộ của &ocirc;ng Trump. Đến nay, Tổng thống Mỹ đ&atilde; &aacute;p thuế với Trung Quốc, Canada, Mexico, đồng thời &aacute;p thuế ri&ecirc;ng với c&aacute;c sản phẩm như nh&ocirc;m, th&eacute;p, xe hơi, linh kiện &ocirc;t&ocirc;. &Ocirc;ng cũng đe dọa &aacute;p thuế Li&ecirc;n minh ch&acirc;u &Acirc;u (EU) v&agrave; nhiều sản phẩm kh&aacute;c như dược phẩm hay chất b&aacute;n dẫn. Trung Quốc, Canada, EU đều đ&atilde; tung biện ph&aacute;p trả đũa.</p>\r\n\r\n<p><strong>H&agrave; Thu</strong>&nbsp;<em>(theo Reuters)</em></p>\r\n', '2025-04-05 12:06:04', 5, 1),
(20, 4, 'Bạn gái sợ tôi không lo cho em cuộc sống đầy đủ', '008qHDy4gy1hz4ppakih3j31t518du07.jpg', '<p>Em bảo y&ecirc;u một năm, thấy t&ocirc;i th&iacute;ch cuộc sống y&ecirc;n b&igrave;nh v&agrave; ổn định, kh&ocirc;ng r&otilde; định hướng tương lai của t&ocirc;i rao sao n&ecirc;n em kh&ocirc;ng d&aacute;m cưới.</p>\r\n\r\n<p>T&ocirc;i 31 tuổi, người y&ecirc;u k&eacute;m 7 tuổi, ch&uacute;ng t&ocirc;i l&agrave;m c&ugrave;ng c&ocirc;ng ty một năm rưỡi v&agrave; y&ecirc;u một năm. T&iacute;nh c&aacute;ch t&ocirc;i chịu kh&oacute;, cẩn thận v&agrave; c&oacute; tr&aacute;ch nhiệm trong c&ocirc;ng việc, kh&ocirc;ng chơi bời g&igrave; nhưng lại kh&ocirc;ng kh&eacute;o ăn n&oacute;i, ngoại h&igrave;nh hơi thấp. Bạn g&aacute;i t&ocirc;i trắng trẻo, ưa nh&igrave;n nhưng hơi kỹ t&iacute;nh, c&oacute; g&igrave; đ&oacute; kh&ocirc;ng h&agrave;i l&ograve;ng l&agrave; n&oacute;i lu&ocirc;n, kh&eacute;o ăn n&oacute;i n&ecirc;n được l&ograve;ng mọi người. Trong một năm y&ecirc;u nhau, những lần kh&ocirc;ng đồng quan điểm v&agrave; c&atilde;i v&atilde; t&ocirc;i đều nhường nhịn em d&ugrave; bản th&acirc;n l&agrave; người đ&uacute;ng. Sau mỗi lần như vậy, 90% t&ocirc;i l&agrave; người chủ động nhắn tin hoặc gọi điện trước.</p>\r\n\r\n<p>Nh&agrave; t&ocirc;i c&aacute;ch trung t&acirc;m H&agrave; Nội 15 km, x&acirc;y c&aacute;ch đ&acirc;y 3 năm, c&oacute; hai tầng th&ocirc;i nhưng rộng r&atilde;i v&agrave; đầy đủ tiện nghi, như vậy khoản nh&agrave; cửa kh&ocirc;ng phải lo nữa. Hiện tại t&ocirc;i l&agrave;m thủ kho, bạn g&aacute;i l&agrave;m kế to&aacute;n, s&aacute;ng t&ocirc;i đ&oacute;n em đi l&agrave;m, xong việc hai đứa c&ugrave;ng về. Ch&uacute;ng t&ocirc;i t&iacute;nh nếu cưới th&igrave; một trong hai đứa sẽ nghỉ, t&igrave;m chỗ l&agrave;m kh&aacute;c. Thu nhập h&agrave;ng th&aacute;ng của t&ocirc;i từ 9-10 triệu đồng, bạn g&aacute;i 7 triệu đồng v&agrave; c&oacute; th&ecirc;m khoản thu nhập ngo&agrave;i 3 triệu đồng nhưng kh&ocirc;ng ổn định, th&aacute;ng c&oacute; th&aacute;ng kh&ocirc;ng.</p>\r\n\r\n<p>To&agrave;n bộ tiền t&ocirc;i c&oacute; từ khi đi l&agrave;m đều để l&agrave;m nh&agrave;, trả nợ v&agrave; mua sắm đồ d&ugrave;ng, đến giờ đ&atilde; trả hết nợ v&agrave; tiết kiệm được ch&uacute;t &iacute;t, nếu thiếu tiền cưới th&igrave; bố mẹ sẽ đưa th&ecirc;m. Dự định của t&ocirc;i l&agrave; sau khi cưới sẽ l&agrave;m việc kh&aacute;c hoặc l&agrave;m th&ecirc;m g&igrave; đ&oacute; để c&oacute; thu nhập lo cho vợ con. T&ocirc;i kh&ocirc;ng muốn người y&ecirc;u phải vất vả, chỉ cần d&agrave;nh nhiều thời gian cho con c&aacute;i v&agrave; gia đ&igrave;nh, nhưng trước mắt t&ocirc;i muốn tập trung việc lập gia đ&igrave;nh đ&atilde;. Bố mẹ t&ocirc;i đều khỏe mạnh, c&oacute; thu nhập h&agrave;ng th&aacute;ng, kh&ocirc;ng phụ thuộc v&agrave;o ai, tuổi cũng nhiều n&ecirc;n rất muốn t&ocirc;i lập gia đ&igrave;nh sớm.</p>\r\n\r\n<p>Bố của bạn g&aacute;i mới mất v&agrave;i th&aacute;ng, b&ecirc;n nh&agrave; em bảo năm nay kh&ocirc;ng được cưới v&igrave; chưa qua giỗ đầu, phải để năm sau. Sang năm l&agrave; kim l&acirc;u n&ecirc;n phải qua sinh nhật hay đ&ocirc;ng ch&iacute; rồi nh&agrave; em mới đồng &yacute; cưới. Nh&agrave; t&ocirc;i đưa ra phương &aacute;n l&agrave; qua giỗ đầu của b&aacute;c trai sẽ l&agrave;m mấy m&acirc;m cơm b&aacute;o tổ ti&ecirc;n th&ocirc;i, coi như cưới lần một, sau đ&oacute; khi n&agrave;o được tuổi sẽ cưới b&igrave;nh thường.</p>\r\n\r\n<p>Tối qua t&ocirc;i n&oacute;i chuyện cưới xin. Em bảo t&ocirc;i chưa đủ lo toan cho cuộc sống gia đ&igrave;nh, em cần người c&oacute; thể lo cho cuộc sống, để em kh&ocirc;ng phải lo lắng hay t&iacute;nh to&aacute;n cơm &aacute;o gạo tiền nữa. Y&ecirc;u t&ocirc;i một năm, em thấy t&ocirc;i th&iacute;ch cuộc sống y&ecirc;n b&igrave;nh v&agrave; ổn định như n&agrave;y l&agrave; đủ, kh&ocirc;ng biết c&aacute;ch t&iacute;nh to&aacute;n hay định hướng tương lai của t&ocirc;i như thế n&agrave;o n&ecirc;n kh&ocirc;ng d&aacute;m quyết định cưới. C&acirc;u n&oacute;i của em khiến t&ocirc;i suy nghĩ rất nhiều. Mong được c&aacute;c bạn chia sẻ.</p>\r\n\r\n<p><strong>Th&agrave;nh T&acirc;m</strong></p>\r\n', '2025-04-05 12:08:45', 5, 1),
(21, 5, 'Arab Saudi 3 lần ngăn mộng World Cup của Trung Quốc', 'arab-saudi-trung-quoc-vong-loa-2974-9294-1743764001.webp', '<p>Arab SaudiTrung Quốc thua Arab Saudi ba lần trong 41 ng&agrave;y ở c&aacute;c cấp độ đội tuyển quốc gia tại c&aacute;c giải đấu được xem l&agrave; v&ograve;ng loại World Cup.</p>\r\n\r\n<p>Một b&agrave;i viết tr&ecirc;n mạng x&atilde; hội Trung Quốc&nbsp;<em>163</em>&nbsp;mi&ecirc;u tả đ&acirc;y l&agrave; &quot;41 ng&agrave;y &aacute;c mộng&quot; đối với c&aacute;c đội tuyển nam Trung Quốc. Họ lần lượt thua tại giải U20 ch&acirc;u &Aacute; 2025, v&ograve;ng loại ba World Cup 2026 v&agrave; giải U17 ch&acirc;u &Aacute; 2025. Hai giải trẻ được xem l&agrave; v&ograve;ng loại World Cup c&ugrave;ng cấp độ.</p>\r\n\r\n<p>Ng&agrave;y 22/2, Trung Quốc thua Arab Saudi 0-1 ở tứ kết U20 ch&acirc;u &Aacute;, d&ugrave; được thi đấu tr&ecirc;n s&acirc;n nh&agrave; ở Th&acirc;m Quyến. Họ bỏ lỡ một quả phạt đền ở ph&uacute;t 59, rồi thủng lưới ở ph&uacute;t b&ugrave; thứ năm hiệp hai, qua đ&oacute; trao v&eacute; v&agrave;o b&aacute;n kết lẫn dự U20 World Cup cho đối thủ.</p>\r\n\r\n<p><img alt=\"Tiền đạo Arab Saudi Salem Al Dawsari (số 10) ghi bàn duy nhất để thắng Trung Quốc 1-0 tại lượt bảy bảng C vòng loại ba World Cup 2026 - khu vực châu Á, ở sân Đại học King Saud hôm 20/3. Ảnh: CGTN\" src=\"https://i1-thethao.vnecdn.net/2025/04/04/arab-saudi-trung-quoc-vong-loa-2974-9294-1743764001.jpg?w=680&amp;h=0&amp;q=100&amp;dpr=1&amp;fit=crop&amp;s=q-KncafxeK3jeuSuIRktig\" /></p>\r\n\r\n<p>Tiền đạo Arab Saudi Salem Al Dawsari (số 10) ghi b&agrave;n duy nhất để thắng Trung Quốc 1-0 tại lượt bảy bảng C v&ograve;ng loại ba World Cup 2026 - khu vực ch&acirc;u &Aacute;, ở s&acirc;n Đại học King Saud h&ocirc;m 20/3. Ảnh:&nbsp;<em>CGTN</em></p>\r\n\r\n<p>Đến 20/3, Trung Quốc tiếp tục thua Arab Saudi 0-1 tr&ecirc;n s&acirc;n kh&aacute;ch ở lượt bảy bảng C v&ograve;ng loại ba World Cup 2026 &ndash; khu vực ch&acirc;u &Aacute;. C&ugrave;ng trận thua Australia 0-2 sau đ&oacute; năm ng&agrave;y, Trung Quốc chỉ c&ograve;n cơ hội dự v&ograve;ng loại bốn nhưng đối mặt nhiều th&aacute;ch thức. Họ c&oacute; s&aacute;u điểm v&agrave; k&eacute;m Indonesia ba điểm. Trung Quốc buộc phải thắng Indonesia trong chuyến l&agrave;m kh&aacute;ch tại Gelora Bung Karno v&agrave;o ng&agrave;y 5/6.</p>\r\n\r\n<p>Đến s&aacute;ng nay, Trung Quốc tiếp tục thua Arab Saudi 1-2 ở lượt ra qu&acirc;n bảng A U17 ch&acirc;u &Aacute; 2025. Thế trận c&acirc;n bằng nhưng sai lầm h&agrave;ng thủ khiến Trung Quốc thua chung cuộc. Ph&uacute;t 11, thủ m&ocirc;n Yihesan Yilamu trượt ch&acirc;n khi lao ra ngo&agrave;i v&ograve;ng cấm ph&aacute; b&oacute;ng, gi&uacute;p Abdulhadi Matari dứt điểm v&agrave;o lưới trống mở tỷ số. Đến ph&uacute;t b&ugrave; thứ hai hiệp một, h&agrave;ng thủ Trung Quốc d&acirc;ng qu&aacute; cao để chủ nh&agrave; phản c&ocirc;ng nhanh v&agrave; Osama Al Daghmah ghi b&agrave;n. M&atilde;i đến ph&uacute;t b&ugrave; thứ t&aacute;m hiệp hai, Wei Xiangxin mới r&uacute;t ngắn tỷ số.</p>\r\n\r\n<p>Trước đ&oacute;, Trung Quốc thi đấu v&ograve;ng loại tốt, lần lượt thắng Bahrain 2-0, Bhutan 6-0, Maldives 9-0 v&agrave; h&ograve;a H&agrave;n Quốc 2-2 ở bảng C. Họ v&agrave;o v&ograve;ng chung kết với tư c&aacute;ch một trong s&aacute;u đội nh&igrave; c&oacute; th&agrave;nh t&iacute;ch tốt nhất, v&igrave; vậy được kỳ vọng sẽ gi&agrave;nh quyền v&agrave;o tứ kết để c&oacute; suất dự U17 World Cup 2025. &quot;Khởi đầu thất bại gần như dập tắt kỳ vọng lớn lao của người h&acirc;m mộ trước giải&quot;, b&agrave;i viết tr&ecirc;n&nbsp;<em>163</em>&nbsp;c&oacute; đoạn.</p>\r\n\r\n<p><img alt=\"Thủ môn Yihesan Yilamu (áo tím) thi đấu trong trận Trung Quốc thua Arab Saudi 1-2 ở lượt ra quân bảng A U17 châu Á 2025, tại sân King Fahd, Arab Saudi vào rạng sáng 4/4 (giờ Hà Nội). Ảnh: AFC\" src=\"https://i1-thethao.vnecdn.net/2025/04/04/trung-quoc-arab-saudi-u17-chau-9615-9965-1743764001.jpg?w=680&amp;h=0&amp;q=100&amp;dpr=1&amp;fit=crop&amp;s=_vKAruVh2WGqnird4u50aw\" /></p>\r\n\r\n<p>Thủ m&ocirc;n Yihesan Yilamu (&aacute;o t&iacute;m) thi đấu trong trận Trung Quốc thua Arab Saudi 1-2 ở lượt ra qu&acirc;n bảng A U17 ch&acirc;u &Aacute; 2025, tại s&acirc;n King Fahd, Arab Saudi v&agrave;o rạng s&aacute;ng 4/4 (giờ H&agrave; Nội). Ảnh:&nbsp;<em>AFC</em></p>\r\n\r\n<p>Sau trận thua Arab Saudi, thủ m&ocirc;n Yihesan nhận lỗi v&igrave; sai lầm. Trong khi đ&oacute;, hậu vệ Lohman Elnizar cho rằng việc thi đấu ở khu vực cao nguy&ecirc;n khiến anh v&agrave; đồng đội suy giảm thể lực. Trận đấu diễn ra tại s&acirc;n King Fahd tại th&agrave;nh phố Taif, nằm ở độ cao 1.879 m so với mực nước biển. &quot;Cầu thủ kh&ocirc;ng đủ oxy n&ecirc;n kh&ocirc;ng thể chạy tốt sau ph&uacute;t 70&quot;, Elnizar n&oacute;i. &quot;T&acirc;m l&yacute; trận đầu cũng hơi lo lắng. Hy vọng ch&uacute;ng t&ocirc;i c&oacute; thể tr&igrave;nh diễn tốt nhất từ trận sau&quot;.</p>\r\n\r\n<p>Ở lượt trận hai, Trung Quốc sẽ chạm tr&aacute;n Uzbekistan &ndash; đội vừa thắng Th&aacute;i Lan 4-1. Đội bắt buộc phải h&ograve;a trở l&ecirc;n mới mong c&oacute; cơ hội vượt qua v&ograve;ng bảng.</p>\r\n\r\n<p>Kể từ khi giải U17 ch&acirc;u &Aacute; tổ chức v&agrave;o năm 1985, Trung Quốc đ&atilde; 16 lần dự v&ograve;ng chung kết. Họ v&ocirc; địch năm 1992 v&agrave; 2004, đứng thứ ba năm 1988, 1990, 2002. Đến năm 2006, Trung Quốc v&agrave;o tứ kết, trước khi c&oacute; t&aacute;m kỳ kh&ocirc;ng vượt qua v&ograve;ng bảng, trong đ&oacute; hai kỳ 2016 v&agrave; 2018 kh&ocirc;ng vượt qua v&ograve;ng loại. Trong khi đ&oacute;, c&ocirc;ng t&aacute;c đ&agrave;o tạo trẻ của b&oacute;ng đ&aacute; Uzbekistan được đ&aacute;nh gi&aacute; ph&aacute;t triển h&agrave;ng đầu ch&acirc;u &Aacute;. Đội đặt mục ti&ecirc;u t&aacute;i lập th&agrave;nh t&iacute;ch như kỳ 2023, khi v&agrave;o đến b&aacute;n kết v&agrave; gi&agrave;nh v&eacute; dự World Cup.</p>\r\n\r\n<p><strong>Trung Thu</strong></p>\r\n', '2025-04-05 12:10:14', 5, 1),
(22, 6, 'Hoa hậu Thùy Tiên bị phạt 25 triệu đồng', 'thuy-tien-quang-cao-1-17419605-2600-2864-1743763805.webp', '<p>Hoa hậu Th&ugrave;y Ti&ecirc;n bị phạt 25 triệu đồng li&ecirc;n quan vụ quảng c&aacute;o sai sự thật về kẹo rau củ Kera.</p>\r\n\r\n<p>Hoa hậu Nguyễn Th&uacute;c Th&ugrave;y Ti&ecirc;n bị phạt h&agrave;nh ch&iacute;nh do kh&ocirc;ng th&ocirc;ng b&aacute;o r&otilde; cho người ti&ecirc;u d&ugrave;ng về việc được t&agrave;i trợ khi cung cấp th&ocirc;ng tin sản phẩm tr&ecirc;n nền tảng mạng x&atilde; hội. C&ocirc;ng ty cổ phần Tập đo&agrave;n Chị Em Rọt bị phạt số tiền 80 triệu đồng. Th&ocirc;ng tin được b&agrave; Nguyễn Thị Quỳnh Anh - Ph&oacute; chủ tịch Ủy ban cạnh tranh quốc gia, Bộ C&ocirc;ng Thương - th&ocirc;ng b&aacute;o tại cuộc họp thường kỳ chiều 4/4 tại H&agrave; Nội.</p>\r\n\r\n<p>Theo Ủy ban Cạnh tranh Quốc gia, trong qu&aacute; tr&igrave;nh l&agrave;m việc, đại diện C&ocirc;ng ty cổ phần Tập đo&agrave;n Chị Em Rọt v&agrave; Hoa hậu Th&ugrave;y Ti&ecirc;n đều thừa nhận thiếu s&oacute;t trong việc t&igrave;m hiểu, thực hiện c&aacute;c quy định ph&aacute;p luật về bảo vệ quyền lợi người ti&ecirc;u d&ugrave;ng, trong đ&oacute; c&oacute; nghĩa vụ cung cấp th&ocirc;ng tin về sản phẩm, dịch vụ th&ocirc;ng qua người c&oacute; ảnh hưởng.</p>\r\n\r\n<p>Th&ugrave;y Ti&ecirc;n cho biết khi l&agrave;m việc c&ugrave;ng cơ quan chức năng, c&ocirc; chủ động cung cấp th&ocirc;ng tin, hồ sơ cần thiết. C&ocirc; cũng đặt ra c&aacute;c c&acirc;u hỏi li&ecirc;n quan tới quy định quảng c&aacute;o của người nổi tiếng tr&ecirc;n mạng x&atilde; hội, nhờ cơ quan chức năng giải đ&aacute;p, tư vấn th&ecirc;m. Sau khi được phổ biến chi tiết quy định của Luật Bảo vệ quyền lợi người ti&ecirc;u d&ugrave;ng năm 2023, c&ocirc; n&oacute;i nắm bắt r&otilde; hơn vấn đề.</p>\r\n\r\n<p><img alt=\"Từ trái qua gồm Thùy Tiên, Hằng Du Mục, Quang Linh Vlogs trong một lần quảng cáo và bán sản phẩm kẹo rau củ Kera. Ảnh: Chụp màn hình livesatream\" src=\"https://i1-giaitri.vnecdn.net/2025/04/04/thuy-tien-quang-cao-1-17419605-2600-2864-1743763805.jpg?w=680&amp;h=0&amp;q=100&amp;dpr=1&amp;fit=crop&amp;s=7zlNAiUoNyGpFAKP5Do3QA\" /></p>\r\n\r\n<p>Từ tr&aacute;i qua gồm Th&ugrave;y Ti&ecirc;n, Hằng Du Mục, Quang Linh Vlogs trong một lần quảng c&aacute;o v&agrave; b&aacute;n sản phẩm kẹo rau củ Kera. Ảnh:&nbsp;<em>Chụp m&agrave;n h&igrave;nh livesatream</em></p>\r\n\r\n<p>&quot;T&ocirc;i c&oacute; b&agrave;i học sau sự việc, cam kết ho&agrave;n thiện bản th&acirc;n th&ocirc;ng qua h&agrave;nh động cụ thể. T&ocirc;i hiểu h&agrave;nh động thiết thực nhất kh&ocirc;ng nằm ở lời n&oacute;i, m&agrave; l&agrave; ở sự thay đổi trong tương lai. T&ocirc;i sẽ cẩn trọng hơn trong mọi hoạt động quảng b&aacute; v&agrave; hợp t&aacute;c thương mại&quot;, hoa hậu cho biết.</p>\r\n\r\n<p>Người đẹp n&oacute;i th&ecirc;m sẽ tăng cường phối hợp đội ngũ ph&aacute;p l&yacute;, truyền th&ocirc;ng, đảm bảo tu&acirc;n thủ quy định ph&aacute;p luật về quảng c&aacute;o, bảo vệ quyền lợi người ti&ecirc;u d&ugrave;ng v&agrave; uy t&iacute;n c&aacute; nh&acirc;n.</p>\r\n\r\n<p>Th&aacute;ng 12/2024, Th&ugrave;y Ti&ecirc;n c&ocirc;ng bố hợp t&aacute;c ra mắt thương hiệu kẹo rau củ c&ugrave;ng Quang Linh Vlogs, Hằng Du Mục. Tr&ecirc;n trang c&aacute; nh&acirc;n hơn 2,6 triệu lượt theo d&otilde;i, Th&ugrave;y Ti&ecirc;n từng th&ocirc;ng b&aacute;o &quot;cho ra mắt đứa con tinh thần&quot;, đồng thời đăng b&agrave;i quảng b&aacute;, xuất hiện tr&ecirc;n livestream b&aacute;n sản phẩm. C&ocirc; quảng c&aacute;o đ&acirc;y l&agrave; sản phẩm tiện lợi, bổ dưỡng, đạt nhiều chứng nhận về chất lượng, ph&ugrave; hợp với trẻ em v&agrave; người lớn.</p>\r\n\r\n<p>Khi một người ti&ecirc;u d&ugrave;ng phản &aacute;nh kẹo c&oacute; th&agrave;nh phần kh&ocirc;ng đ&uacute;ng như quảng c&aacute;o, kh&aacute;n giả y&ecirc;u cầu c&ocirc; phải chịu tr&aacute;ch nhiệm trước những nội dung đăng tải. Trước nhiều phản đối, c&ocirc; x&oacute;a c&aacute;c b&agrave;i viết li&ecirc;n quan sản phẩm tr&ecirc;n&nbsp;<em>Facebook.</em></p>\r\n\r\n<p>Kẹo rau củ Kera do c&ocirc;ng ty CER (TP Thủ Đức, TP HCM) c&ocirc;ng bố, bắt đầu đưa ra thị trường v&agrave;o cuối năm 2024. Hoa hậu Th&ugrave;y Ti&ecirc;n, Hằng Du Mục, Quang Linh Vlogs c&oacute; c&aacute;ch quảng c&aacute;o khiến nhiều người hiểu nhầm rằng sản phẩm &quot;c&oacute; thể thay cho rau xanh trong bữa ăn&quot;.</p>\r\n\r\n<p>Ng&agrave;y 14/3, những người li&ecirc;n quan l&agrave;m việc c&ugrave;ng Cục Ph&aacute;t thanh Truyền h&igrave;nh v&agrave; Th&ocirc;ng tin điện tử, Bộ Văn h&oacute;a Thể thao v&agrave; Du lịch. Theo kết luận của Cục, b&agrave; Hằng v&agrave; &ocirc;ng Quang Linh l&agrave; người chủ tr&igrave; c&aacute;c buổi livestream, Hoa hậu Th&ugrave;y Ti&ecirc;n l&agrave; kh&aacute;ch mời. Ở buổi l&agrave;m việc, cả ba nhận lỗi v&igrave; cung cấp th&ocirc;ng tin sản phẩm kh&ocirc;ng đ&uacute;ng sự thật.</p>\r\n\r\n<p><a href=\"https://vnexpress.net/chu-de/hang-du-muc-8187\" rel=\"dofollow\">Hằng Du Mục</a>,&nbsp;<a href=\"https://vnexpress.net/chu-de/quang-linh-vlogs-7616\" rel=\"dofollow\">Quang Linh Vlogs</a>&nbsp;sau đ&oacute; bị cơ quan chức năng xử phạt&nbsp;<a href=\"https://vnexpress.net/hang-du-muc-quang-linh-vlogs-bi-phat-140-trieu-dong-do-quang-cao-sai-su-that-4863960.html\" rel=\"dofollow\">140 triệu đồng&nbsp;</a>do quảng c&aacute;o kh&ocirc;ng đ&uacute;ng, c&ograve;n Th&ugrave;y Ti&ecirc;n l&ecirc;n tiếng&nbsp;<a href=\"https://vnexpress.net/thuy-tien-toi-hoi-han-vi-quang-cao-sai-su-that-4858130.html\" rel=\"dofollow\">xin lỗi</a>.</p>\r\n\r\n<p>Ng&agrave;y 21/3, đại diện Sở An to&agrave;n thực phẩm TP HCM, th&ocirc;ng b&aacute;o kết quả kiểm nghiệm kẹo rau củ Kera theo y&ecirc;u cầu của Cục An to&agrave;n Thực phẩm (Bộ Y tế). Theo đ&oacute;, tr&ecirc;n bao b&igrave; ghi th&agrave;nh phần v&agrave; h&agrave;m lượng đường, đạm, chất b&eacute;o, năng lượng, song kh&ocirc;ng ghi chất xơ.</p>\r\n\r\n<p>&quot;Kẹo được doanh nghiệp quảng c&aacute;o c&oacute; chất xơ d&ugrave; th&agrave;nh phần n&agrave;y kh&ocirc;ng c&oacute; trong hồ sơ tự c&ocirc;ng bố sản phẩm trước khi lưu h&agrave;nh, l&agrave; vi phạm quy định về quảng c&aacute;o&quot;, đại diện Sở n&oacute;i.</p>\r\n\r\n<p>Hoa hậu t&ecirc;n đầy đủ&nbsp;<a href=\"https://vnexpress.net/chu-de/nguyen-thuc-thuy-tien-3860\" rel=\"dofollow\">Nguyễn Th&uacute;c Th&ugrave;y Ti&ecirc;n</a>, 26 tuổi, qu&ecirc; ở TP HCM, từng theo học chương tr&igrave;nh quản l&yacute; kh&aacute;ch sạn v&agrave; nh&agrave; h&agrave;ng quốc tế Đại học Hoa Sen. Người đẹp đăng quang Miss Grand International v&agrave;o th&aacute;ng 2/2022 ở Th&aacute;i Lan. C&ocirc; từng nhận bằng khen Gương mặt trẻ Việt Nam ti&ecirc;u biểu năm 2021 d&agrave;nh cho thanh ni&ecirc;n trong lĩnh vực nghệ thuật, do Trung ương Đo&agrave;n TNCS Hồ Ch&iacute; Minh trao tặng.</p>\r\n\r\n<p>Th&ugrave;y Ti&ecirc;n c&ograve;n diễn xuất trong nhiều MV như&nbsp;<em>Ng&agrave;y đầu sau chia tay&nbsp;</em>(Đức Ph&uacute;c),&nbsp;<em>Vẽ đường cong&nbsp;</em>(Tr&uacute;c Nh&acirc;n). Năm 2024, c&ocirc; h&oacute;a th&acirc;n hầu g&aacute;i trong phim điện&nbsp;<em><a href=\"https://vnexpress.net/giai-tri/phim/thu-vien-phim/linh-mieu-754\" rel=\"dofollow\">Linh mi&ecirc;u</a>&nbsp;</em>(đạo diễn Lưu Th&agrave;nh Lu&acirc;n), đ&oacute;ng chung nghệ sĩ Hồng Đ&agrave;o. Phim&nbsp;<em>Chốt đơn&nbsp;</em>(đạo diễn Bảo Nh&acirc;n, Nam Cito) c&oacute; Th&ugrave;y Ti&ecirc;n đ&oacute;ng ch&iacute;nh với Quyền Linh dự kiến ra rạp th&aacute;ng 3 nhưng hiện th&ocirc;ng b&aacute;o dời sang th&aacute;ng 6.</p>\r\n\r\n<p><strong>Phương Dung - T&acirc;n Cao</strong></p>\r\n\r\n<p>&nbsp;</p>\r\n', '2025-04-05 12:11:03', 5, 1),
(23, 7, 'Musk chia sẻ bài viết về Starlink tại Việt Nam', 'DSC09674-4864-1743724885.webp', '<p>Elon Musk chia sẻ lại một b&agrave;i viết tr&ecirc;n mạng x&atilde; hội X về kế hoạch triển khai Internet vệ tinh của Starlink tại Việt Nam, nhưng kh&ocirc;ng đưa ra b&igrave;nh luận.</p>\r\n\r\n<p>B&agrave;i viết do doanh nh&acirc;n Mario Nawfal đăng tr&ecirc;n X ng&agrave;y 3/4, trong đ&oacute; n&oacute;i trung t&acirc;m Starlink sắp được lập ở Việt Nam. Người n&agrave;y dẫn th&ocirc;ng tin từ&nbsp;<em>Reuters&nbsp;</em>rằng SpaceX, c&ocirc;ng ty ph&aacute;t triển Starlink do Musk s&aacute;ng lập, dự kiến triển khai 10-15 trạm mặt đất, trạm đầu ti&ecirc;n đặt tại Đ&agrave; Nẵng v&agrave; hoạt động v&agrave;o th&aacute;ng 5 hoặc th&aacute;ng 6. &quot;SpaceX đang đưa Việt Nam l&ecirc;n bản đồ vệ tinh của h&atilde;ng&quot;, người n&agrave;y viết. Sau đ&oacute;,&nbsp;<a href=\"https://vnexpress.net/chu-de/elon-musk-1849\" rel=\"dofollow\">Elon Musk</a>&nbsp;sử dụng t&iacute;nh năng &quot;đăng lại&quot; th&ocirc;ng tin tr&ecirc;n s&aacute;ng 4/4.</p>\r\n\r\n<p><img alt=\"Elon Musk trong cuộc họp nội các ở Nhà Trắng ngày 26/2. Ảnh: Reuters\" src=\"https://i1-sohoa.vnecdn.net/2025/04/04/2025-02-27T013339Z-1706078164-6586-1163-1743724885.jpg?w=680&amp;h=0&amp;q=100&amp;dpr=1&amp;fit=crop&amp;s=2AJtSE3E8QcIrE-B-obAbA\" /></p>\r\n\r\n<p>Elon Musk trong cuộc họp nội c&aacute;c ở Nh&agrave; Trắng ng&agrave;y 26/2. Ảnh:&nbsp;<em>Reuters</em></p>\r\n\r\n<p>Động th&aacute;i tr&ecirc;n diễn ra sau khi Tổng thống Mỹ Donald Trump c&ocirc;ng bố mức thuế nhập khẩu đối ứng &aacute;p dụng với hơn 180 đối t&aacute;c thương mại, trong đ&oacute; Việt Nam chịu mức 46%, nằm trong nh&oacute;m nước bị &aacute;p thuế cao nhất c&ugrave;ng với Trung Quốc, Campuchia, Indonesia, Myanmar.</p>\r\n\r\n<p>Trong b&agrave;i viết ng&agrave;y 1/4,&nbsp;<em>Reuters&nbsp;</em>dẫn nguồn tin cho biết việc triển khai Internet vệ tinh Starlink đang diễn ra sau khi c&ocirc;ng ty được cấp ph&eacute;p thử nghiệm. SpaceX được cho l&agrave; đang x&acirc;y trạm gateway theo y&ecirc;u cầu của Việt Nam, trạm đầu ti&ecirc;n gi&aacute; trị khoảng 3 triệu USD. Nếu kế hoạch 10-15 trạm ho&agrave;n th&agrave;nh, Việt Nam c&oacute; thể trở th&agrave;nh một trong những thị trường c&oacute; nhiều trạm v&agrave; mạng lưới Starlink lớn nhất.</p>\r\n\r\n<p>Trang n&agrave;y đ&aacute;nh gi&aacute; Việt Nam c&oacute; gi&aacute; cước Internet rẻ hơn nhiều so với Starlink v&agrave; chỉ một số &iacute;t nơi cần Internet tốc độ cao, v&igrave; vậy c&ocirc;ng ty của Mỹ mong muốn cung cấp th&ecirc;m c&aacute;c dịch vụ kh&aacute;c.</p>\r\n\r\n<p><img alt=\"Hai angten thu phát sóng Internet vệ tinh Starlink đang thử nghiệm tại sự kiện ở Hoà Lạc (Hà Nội), tháng 10/2023. Ảnh: Lưu Quý\" src=\"https://i1-sohoa.vnecdn.net/2025/04/04/DSC09674-4864-1743724885.jpg?w=680&amp;h=0&amp;q=100&amp;dpr=1&amp;fit=crop&amp;s=f-aS9uy9ibEsiP1IOdIMcw\" /></p>\r\n\r\n<p>Hai ăng-ten thu ph&aacute;t s&oacute;ng Internet vệ tinh Starlink thử nghiệm tại sự kiện ở H&ograve;a Lạc (H&agrave; Nội), th&aacute;ng 10/2023. Ảnh:&nbsp;<em>Lưu Qu&yacute;</em></p>\r\n\r\n<p>Trong cuộc họp ng&agrave;y 1/4, Cục Viễn th&ocirc;ng - Bộ Khoa học v&agrave; C&ocirc;ng nghệ cho biết đang l&agrave;m việc với SpaceX để hỗ trợ doanh nghiệp ho&agrave;n thiện c&aacute;c kh&acirc;u tiếp theo trước khi c&oacute; thể hoạt động ở Việt Nam. Trong đ&oacute; c&oacute; việc SpaceX sẽ sớm th&agrave;nh lập doanh nghiệp v&agrave; lắp đặt Trạm cổng mặt đất (Trạm Gateway) tr&ecirc;n l&atilde;nh thổ Việt Nam. &quot;Họ đang chuẩn bị hồ sơ, thiết bị để đưa sang Việt Nam&quot;, đại diện Cục cho biết.</p>\r\n\r\n<p>Ng&agrave;y 23/3, Ch&iacute;nh phủ ra quyết định cho ph&eacute;p dịch vụ Internet vệ tinh của Elon Musk được &#39;th&iacute; điểm c&oacute; kiểm so&aacute;t&#39; với thời hạn 5 năm, kết th&uacute;c trước 1/1/2031, với số lượng thu&ecirc; bao tối đa 600.000. Nh&agrave; cung cấp phải bảo đảm lưu lượng do thu&ecirc; bao vệ tinh tạo ra tr&ecirc;n l&atilde;nh thổ Việt Nam đều đi qua Trạm Gateway v&agrave; kết nối v&agrave;o mạng viễn th&ocirc;ng c&ocirc;ng cộng trong nước. Dịch vụ cũng phải bảo đảm th&ocirc;ng tin, dữ liệu của người sử dụng dịch vụ tại Việt Nam được lưu trữ tại Việt Nam; thực hiện y&ecirc;u cầu về ngăn chặn nguồn ph&aacute;t t&aacute;n m&atilde; độc, tấn c&ocirc;ng mạng, th&ocirc;ng tin xấu độc.</p>\r\n\r\n<p><strong>Lưu Qu&yacute;</strong></p>\r\n', '2025-04-05 12:12:25', 5, 1);
INSERT INTO `tintuc` (`id`, `chude_id`, `tieude`, `anh`, `noidung`, `ngay`, `nguoidung_id`, `trangthai`) VALUES
(24, 8, 'Phó thủ tướng muốn Việt Nam làm chủ các công nghệ chiến lược', 'ptt-nguyen-chi-dung-1743818236-1343-8071-1743820780.webp', '<p>Ph&oacute; thủ tướng Nguyễn Ch&iacute; Dũng mong muốn Viện H&agrave;n l&acirc;m đi đầu trong nghi&ecirc;n cứu cơ bản v&agrave; l&agrave;m chủ c&aacute;c c&ocirc;ng nghệ chiến lược, g&oacute;p phần v&agrave;o h&agrave;nh tr&igrave;nh đưa Việt Nam trở th&agrave;nh quốc gia ph&aacute;t triển, thu nhập cao v&agrave;o năm 2045.</p>\r\n\r\n<p>Th&ocirc;ng điệp được Ph&oacute; thủ tướng n&ecirc;u trong buổi thăm v&agrave; l&agrave;m việc tại Viện H&agrave;n l&acirc;m Khoa học v&agrave; C&ocirc;ng nghệ Việt Nam (Viện H&agrave;n l&acirc;m) ng&agrave;y 4/4. Buổi l&agrave;m việc diễn ra sau gần một th&aacute;ng việc t&aacute;i cơ cấu v&agrave; tinh gọn bộ m&aacute;y theo Nghị quyết 18 của Trung ương được Viện ho&agrave;n th&agrave;nh, giảm từ 38 xuống c&ograve;n 24 đầu mối.</p>\r\n\r\n<p>Theo Ph&oacute; thủ tướng, Nghị quyết 57 của Bộ Ch&iacute;nh trị v&agrave; Nghị quyết 03 của Ch&iacute;nh phủ, x&aacute;c định Viện H&agrave;n l&acirc;m trở th&agrave;nh trung t&acirc;m khoa học c&ocirc;ng nghệ h&agrave;ng đầu Việt Nam, ngang tầm c&aacute;c nước ti&ecirc;n tiến trong khu vực v&agrave; tr&ecirc;n thế giới. Đ&acirc;y sẽ l&agrave; viện nghi&ecirc;n cứu thuộc nh&oacute;m dẫn đầu khu vực trong lĩnh vực nghi&ecirc;n cứu cơ bản, nghi&ecirc;n cứu ứng dụng, ph&aacute;t triển c&ocirc;ng nghệ, đ&agrave;o tạo nguồn nh&acirc;n lực khoa học c&ocirc;ng nghệ tr&igrave;nh độ cao.</p>\r\n\r\n<p>&Ocirc;ng cho rằng với y&ecirc;u cầu nhiệm vụ mới, Vi&ecirc;n cần sắp xếp bộ m&aacute;y, lựa chọn v&agrave; ph&aacute;t huy năng lực của những c&aacute; nh&acirc;n, tập thể xuất sắc. Phải lựa chọn được những c&aacute; nh&acirc;n, trưởng nh&oacute;m nghi&ecirc;n cứu c&oacute; tr&igrave;nh độ cao, c&oacute; khả năng dẫn dắt c&aacute;c nghi&ecirc;n cứu khoa học c&oacute; gi&aacute; trị thời đại, ph&ugrave; hợp với xu hướng ph&aacute;t triển của khu vực v&agrave; thế giới.</p>\r\n\r\n<p><img alt=\"Phó thủ tướng Nguyễn Chí Dũng tại buổi làm việc. Ảnh: Nam Phương\" src=\"https://i1-vnexpress.vnecdn.net/2025/04/05/ptt-nguyen-chi-dung-1743818236-1343-8071-1743820780.jpg?w=680&amp;h=0&amp;q=100&amp;dpr=1&amp;fit=crop&amp;s=PSXk-NIwbhWncD_rABPdMA\" /></p>\r\n\r\n<p>Ph&oacute; thủ tướng Nguyễn Ch&iacute; Dũng ph&aacute;t biểu tại buổi l&agrave;m việc. Ảnh:&nbsp;<em>Minh Đức</em></p>\r\n\r\n<p>Ph&aacute;t huy vai tr&ograve; đầu t&agrave;u trong nghi&ecirc;n cứu khoa học v&agrave; c&ocirc;ng nghệ của Viện, Ph&oacute; thủ tướng nhắc tới c&aacute;c lĩnh vực chiến lược như c&ocirc;ng nghệ vũ trụ, khoa học biển, c&ocirc;ng nghệ sinh học v&agrave; vật liệu mới, lượng tử, b&aacute;n dẫn, robot, xe tự h&agrave;nh, m&aacute;y bay kh&ocirc;ng người l&aacute;i... &Ocirc;ng cho rằng &quot;Cần tập trung v&agrave;o c&ocirc;ng nghệ c&oacute; lợi thế nhưng Việt Nam cũng kh&ocirc;ng thể đứng ngo&agrave;i c&aacute;c c&ocirc;ng nghệ xu hướng mang lại lợi &iacute;ch cho nền kinh tế, x&atilde; hội&quot;. B&ecirc;n cạnh đ&oacute; cũng cần đẩy mạnh nghi&ecirc;n cứu cơ bản, ph&aacute;t triển c&ocirc;ng nghệ l&otilde;i v&agrave; c&ocirc;ng nghệ nguồn để tạo nền tảng tri thức, gắn kết chặt chẽ với nhu cầu thực tiễn v&agrave; thị trường như y tế, năng lượng, m&ocirc;i trường v&agrave; c&ocirc;ng nghệ cao;</p>\r\n\r\n<p>Ph&oacute; thủ tướng cũng lưu &yacute; việc chuyển giao v&agrave; thương mại h&oacute;a kết quả nghi&ecirc;n cứu; nghi&ecirc;n cứu ph&aacute;t triển c&aacute;c khu thử nghiệm c&ocirc;ng nghệ, c&aacute;c trung t&acirc;m chuyển giao c&ocirc;ng nghệ chuy&ecirc;n nghiệp, x&acirc;y dựng cơ chế khuyến kh&iacute;ch doanh nghiệp đầu tư v&agrave;o nghi&ecirc;n cứu, ứng dụng v&agrave; thương mại h&oacute;a sản phẩm khoa học của Viện. &quot;Phấn đấu &iacute;t nhất 10 sản phẩm từ nghi&ecirc;n cứu ra thị trường mỗi năm trong 5 năm tới&quot;, &ocirc;ng n&oacute;i.</p>\r\n\r\n<p>&Ocirc;ng mong muốn Viện H&agrave;n l&acirc;m tiếp tục ph&aacute;t huy tinh thần &quot;d&aacute;m nghĩ, d&aacute;m l&agrave;m, d&aacute;m thử, d&aacute;m ti&ecirc;n phong&quot; trong mọi hoạt động. Viện H&agrave;n l&acirc;m sẽ đi đầu trong nghi&ecirc;n cứu cơ bản v&agrave; l&agrave;m chủ c&aacute;c c&ocirc;ng nghệ chiến lược, vượt qua mọi r&agrave;o cản để tạo những bước đột ph&aacute; quan trọng.</p>\r\n\r\n<p>Tại buổi l&agrave;m việc, Thứ trưởng Khoa học v&agrave; C&ocirc;ng nghệ L&ecirc; Xu&acirc;n Định cũng ghi nhận 50 năm h&igrave;nh th&agrave;nh v&agrave; ph&aacute;t triển, Viện H&agrave;n l&acirc;m đ&atilde; c&oacute; những th&agrave;nh tựu đ&aacute;ng ghi nhận. C&aacute;c nh&agrave; khoa học đ&atilde; c&oacute; nhiều nghi&ecirc;n cứu, ứng dụng l&agrave;m thay đổi cuộc sống từ những thời kỳ chiến tranh bảo vệ tổ quốc đến giai đoạn x&acirc;y dựng đất nước. C&aacute;c c&ocirc;ng bố của Viện li&ecirc;n tục gia tăng (13% một năm), đ&oacute;ng g&oacute;p 7-8% tổng c&ocirc;ng bố quốc tế của Việt Nam.</p>\r\n\r\n<p>Tuy nhi&ecirc;n, nh&igrave;n v&agrave;o kết quả giữa nghi&ecirc;n cứu v&agrave; ứng dụng c&oacute; thể xem l&agrave; &quot;hơi đuối&quot;, Thứ trưởng Định n&oacute;i. &Ocirc;ng l&yacute; giải đại diện c&aacute;c đơn vị của Viện đ&atilde; n&ecirc;u về những kết quả cho thấy, c&oacute; những sản phẩm tốt, nhiều c&ocirc;ng nghệ được coi l&agrave; c&ocirc;ng nghệ l&otilde;i thuộc nh&oacute;m chiến lược đ&atilde; được nh&agrave; khoa học l&agrave;m chủ. Tuy nhi&ecirc;n việc kết nối c&aacute;c c&ocirc;ng nghệ n&agrave;y với đời sống v&agrave; thị trường &quot;c&ograve;n l&agrave; c&acirc;u hỏi lớn để đ&aacute;nh gi&aacute; hiệu quả đầu ra&quot;, Thứ trưởng n&oacute;i. C&aacute;c c&ocirc;ng nghệ n&agrave;y cần đi v&agrave;o được c&aacute;c doanh nghiệp, tập đo&agrave;n, tổng c&ocirc;ng ty để sản xuất ra sản phẩm, ứng dụng v&agrave;o đời sống. Nếu kh&ocirc;ng c&aacute;c kết quả vẫn &quot;nằm trong h&agrave;ng r&agrave;o của Viện nghi&ecirc;n cứu v&agrave; c&aacute;ch xa với doanh nghiệp&quot;, &ocirc;ng n&oacute;i.</p>\r\n\r\n<p>Thứ trưởng Định cho biết, Bộ Khoa học v&agrave; C&ocirc;ng nghệ được Ch&iacute;nh phủ giao x&acirc;y dựng Nghị định quy định, tổ chức khoa học c&ocirc;ng nghệ c&oacute; thể g&oacute;p vốn tham gia th&agrave;nh lập v&agrave; vi&ecirc;n chức được tham gia điều h&agrave;nh doanh nghiệp để thương mại ho&aacute; kết quả nghi&ecirc;n cứu. &quot;Đ&acirc;y l&agrave; cơ hội để tạo ra c&aacute;c doanh nghiệp spin off của c&aacute;c đơn vị nghi&ecirc;n cứu, trả lời t&iacute;nh khả thi về thị trường c&ocirc;ng nghệ&quot;, &ocirc;ng n&oacute;i.</p>\r\n\r\n<p><img alt=\"Thứ trưởng Lê Xuân Định mong muốn có nhiều kết quả nghiên cứu được thương mại hoá. Ảnh: Nam Phương\" src=\"https://i1-vnexpress.vnecdn.net/2025/04/05/tt-le-xuan-dinh-1743819888-174-8375-3071-1743820780.jpg?w=680&amp;h=0&amp;q=100&amp;dpr=1&amp;fit=crop&amp;s=Wu76av4Rxh4tW84VkS5GYQ\" /></p>\r\n\r\n<p>Thứ trưởng L&ecirc; Xu&acirc;n Định mong muốn c&oacute; nhiều kết quả nghi&ecirc;n cứu được thương mại ho&aacute;. Ảnh:&nbsp;<em>Minh Đức</em></p>\r\n\r\n<p>GS.VS Ch&acirc;u Văn Minh, Chủ tịch Viện H&agrave;n l&acirc;m cho biết, sau 50 năm h&igrave;nh th&agrave;nh v&agrave; ph&aacute;t triển, Viện H&agrave;n l&acirc;m hiện c&oacute; khoảng 3.500 c&aacute;n bộ nghi&ecirc;n cứu, trong đ&oacute; c&oacute; gần 250 gi&aacute;o sư, ph&oacute; gi&aacute;o sư v&agrave; gần 1.000 tiến sĩ. Lực lượng n&agrave;y đ&atilde; đ&oacute;ng g&oacute;p nhiều kết quả nghi&ecirc;n cứu khoa học v&agrave; ph&aacute;t triển c&ocirc;ng nghệ c&oacute; gi&aacute; trị. Nhiều c&ocirc;ng tr&igrave;nh khoa học đ&atilde; được ứng dụng mang lại hiệu quả trong ph&aacute;t triển kinh tế x&atilde; hội v&agrave; quốc ph&ograve;ng an ninh của đất nước.</p>\r\n\r\n<p>Viện được đầu tư 10 ph&ograve;ng th&iacute; nghiệm trọng điểm gi&uacute;p c&aacute;c nh&agrave; khoa học triển khai c&aacute;c vấn đề nghi&ecirc;n cứu cơ bản cốt l&otilde;i, c&oacute; chất lượng cao, đồng thời chủ động trong c&aacute;c hoạt động phối hợp nghi&ecirc;n cứu quốc tế.</p>\r\n\r\n<p><img alt=\"GS Châu Văn Minh phát biểu tại buổi làm việc. Ảnh: Nam Phương\" src=\"https://i1-vnexpress.vnecdn.net/2025/04/05/gs-chau-van-minh-1743820439-17-1333-8081-1743820781.jpg?w=680&amp;h=0&amp;q=100&amp;dpr=1&amp;fit=crop&amp;s=udPmNiUhd5aBuiFcECKHPw\" /></p>\r\n\r\n<p>GS Ch&acirc;u Văn Minh ph&aacute;t biểu tại buổi l&agrave;m việc. Ảnh:&nbsp;<em>Minh Đức</em></p>\r\n\r\n<p>Theo GS Minh, mỗi năm Viện c&oacute; hơn 2.000 c&ocirc;ng tr&igrave;nh khoa học được c&ocirc;ng bố. Nhiều nghi&ecirc;n cứu đ&atilde; xuất hiện tr&ecirc;n c&aacute;c tạp ch&iacute; quốc tế danh gi&aacute; với chỉ số ảnh hưởng (impact factor) cao, minh chứng cho chất lượng v&agrave; tầm ảnh hưởng vượt bi&ecirc;n giới.</p>\r\n\r\n<p>L&atilde;nh đạo Viện H&agrave;n l&acirc;m kiến nghị được đẩy mạnh đầu tư cho nghi&ecirc;n cứu cơ bản v&agrave; một số ph&ograve;ng th&iacute; nghiệm trọng điểm để nghi&ecirc;n cứu, ph&aacute;t triển một số c&ocirc;ng nghệ then chốt, c&ocirc;ng nghệ chiến lược: vũ trụ, lượng tử, vật liệu, tế b&agrave;o gốc, c&ocirc;ng nghệ chỉnh sửa gene, c&ocirc;ng nghệ vaccine, AI, cảnh b&aacute;o thi&ecirc;n tai...</p>\r\n\r\n<p>Viện mong muốn được đ&oacute;ng t&agrave;u nghi&ecirc;n cứu biển để chủ động triển khai thực hiện c&aacute;c c&ocirc;ng t&aacute;c khảo s&aacute;t, nghi&ecirc;n cứu biển v&agrave; tiếp tục giao thực hiện Chương tr&igrave;nh khoa học c&ocirc;ng nghệ Bbiển.</p>\r\n\r\n<p><strong>Minh Ch&acirc;u</strong></p>\r\n', '2025-04-05 12:13:52', 5, 1),
(25, 9, '9 thức uống giúp giảm đầy hơi, khó tiêu', '472350193-616022000882206-2394-7505-1367-1743816933.webp', '<p>Người bị đầy hơi, kh&oacute; ti&ecirc;u hay uống tr&agrave; gừng, song một số thức uống kh&aacute;c như nước chanh ấm, tr&agrave; bạc h&agrave; cũng hỗ trợ ti&ecirc;u h&oacute;a v&agrave; l&agrave;m dịu dạ d&agrave;y.</p>\r\n\r\n<p>Đầy hơi, kh&oacute; ti&ecirc;u l&agrave; triệu chứng thường gặp, c&oacute; thể do thực phẩm hoặc một số bệnh l&yacute; tiềm ẩn. BS.CKI Nguyễn Hồng Ngọc, Trung t&acirc;m Nội soi v&agrave; Phẫu thuật Nội soi Ti&ecirc;u h&oacute;a, Bệnh viện Đa khoa T&acirc;m Anh TP HCM, cho biết lựa chọn thức uống, thực phẩm ph&ugrave; hợp c&oacute; thể giảm triệu chứng đau dạ d&agrave;y, bảo vệ ni&ecirc;m mạc dạ d&agrave;y.</p>\r\n\r\n<p><strong>Nước ấm</strong></p>\r\n\r\n<p>Nước ấm<strong>&nbsp;</strong>l&agrave;m lo&atilde;ng axit dạ d&agrave;y, giảm k&iacute;ch ứng ni&ecirc;m mạc v&agrave; hỗ trợ ti&ecirc;u h&oacute;a. Nước gi&uacute;p cơ thể hấp thụ chất dinh dưỡng v&agrave; duy tr&igrave; hoạt động của hệ ti&ecirc;u h&oacute;a. Thiếu nước c&oacute; thể l&agrave;m chậm qu&aacute; tr&igrave;nh ti&ecirc;u h&oacute;a, tăng nguy cơ k&iacute;ch th&iacute;ch ni&ecirc;m mạc dạ d&agrave;y, g&acirc;y đau, kh&oacute; chịu. Người trưởng th&agrave;nh n&ecirc;n uống 1,5-2 l&iacute;t nước mỗi ng&agrave;y để hệ ti&ecirc;u h&oacute;a hoạt động tốt.</p>\r\n\r\n<p><strong>Tr&agrave; gừng</strong></p>\r\n\r\n<p>Tr&agrave; gừng c&oacute; đặc t&iacute;nh chống vi&ecirc;m, giảm đau, th&uacute;c đẩy hệ ti&ecirc;u h&oacute;a hoạt động ổn định. Gingerol trong gừng l&agrave;m dịu ni&ecirc;m mạc dạ d&agrave;y, giảm co thắt, hạn chế đầy hơi, kh&oacute; ti&ecirc;u, buồn n&ocirc;n. Uống một ly tr&agrave; gừng với 1-2 th&igrave;a mật ong g&oacute;p phần tăng t&aacute;c dụng kh&aacute;ng vi&ecirc;m, giảm đau dạ d&agrave;y. Kh&ocirc;ng n&ecirc;n uống tr&agrave; gừng khi bụng đ&oacute;i hoặc lạm dụng v&igrave; dễ k&iacute;ch th&iacute;ch dạ d&agrave;y. Người bị lo&eacute;t dạ d&agrave;y nặng hoặc đang d&ugrave;ng thuốc chống đ&ocirc;ng m&aacute;u n&ecirc;n tham khảo b&aacute;c sĩ trước khi d&ugrave;ng.</p>\r\n\r\n<p><img alt=\"Trà gừng giúp làm dịu niêm mạc dạ dày, giảm co thắt. Ảnh: Anh Chi\" src=\"https://i1-suckhoe.vnecdn.net/2025/04/05/472350193-616022000882206-2394-7505-1367-1743816933.jpg?w=680&amp;h=0&amp;q=100&amp;dpr=1&amp;fit=crop&amp;s=Vu_TCS91rK5PXz8VUMqDJg\" /></p>\r\n\r\n<p>Tr&agrave; gừng gi&uacute;p l&agrave;m dịu ni&ecirc;m mạc dạ d&agrave;y, giảm co thắt. Ảnh:<em>&nbsp;Anh Chi</em></p>\r\n\r\n<p><strong>Tr&agrave; bạc h&agrave;</strong></p>\r\n\r\n<p>Bạc h&agrave; c&oacute; đặc t&iacute;nh chống co thắt, gi&uacute;p thư gi&atilde;n cơ trơn đường ti&ecirc;u h&oacute;a, giảm đau bụng, đầy hơi v&agrave; kh&oacute; ti&ecirc;u. Th&agrave;nh phần menthol trong bạc h&agrave; c&oacute; t&aacute;c dụng l&agrave;m dịu dạ d&agrave;y,&nbsp;<a href=\"https://vnexpress.net/dat-stent-ho-tro-tieu-hoa-cho-nguoi-ung-thu-giai-doan-cuoi-4868343.html\" rel=\"dofollow\" target=\"_blank\">hỗ trợ ti&ecirc;u h&oacute;a</a>. Tuy nhi&ecirc;n, người bị tr&agrave;o ngược dạ d&agrave;y - thực quản (GERD) n&ecirc;n tr&aacute;nh sử dụng v&igrave; bạc h&agrave; c&oacute; thể l&agrave;m gi&atilde;n cơ thắt thực quản dưới, g&acirc;y tr&agrave;o ngược, ợ n&oacute;ng, kh&oacute; chịu.</p>\r\n\r\n<p>Ng&acirc;m l&aacute; bạc h&agrave; tươi hoặc kh&ocirc; trong nước n&oacute;ng 5-10 ph&uacute;t, sau đ&oacute; uống khi c&ograve;n ấm. Mọi người kh&ocirc;ng sử dụng bạc h&agrave; liều cao hoặc trong thời gian d&agrave;i. Phụ nữ mang thai, cho con b&uacute; v&agrave; trẻ nhỏ n&ecirc;n tham khảo &yacute; kiến b&aacute;c sĩ trước khi sử dụng.</p>\r\n\r\n<p><strong>Tr&agrave; hoa c&uacute;c</strong></p>\r\n\r\n<p>Loại tr&agrave; n&agrave;y c&oacute; đặc t&iacute;nh chống vi&ecirc;m, chống co thắt, thư gi&atilde;n cơ trơn dạ d&agrave;y, l&agrave;m dịu ni&ecirc;m mạc ti&ecirc;u h&oacute;a. Hoa c&uacute;c cũng c&oacute; t&aacute;c dụng an thần nhẹ, hỗ trợ giảm căng thẳng dạ d&agrave;y. Bạn c&oacute; thể pha 10 g hoa c&uacute;c kh&ocirc; với nước s&ocirc;i, ủ trong 10-15 ph&uacute;t, sau đ&oacute; th&ecirc;m 30 ml mật ong. Uống từ từ khi c&ograve;n ấm để hỗ trợ ti&ecirc;u h&oacute;a.</p>\r\n\r\n<p><strong>Nước chanh ấm</strong></p>\r\n\r\n<p>Nước chanh ấm c&oacute; thể hỗ trợ ti&ecirc;u h&oacute;a v&agrave; duy tr&igrave; sự c&acirc;n bằng axit dạ d&agrave;y. Tuy nhi&ecirc;n, bạn cần uống vừa đủ (200-300 ml) để tr&aacute;nh nguy cơ k&iacute;ch ứng ni&ecirc;m mạc dạ d&agrave;y, nhất l&agrave; người c&oacute; bệnh l&yacute; như vi&ecirc;m lo&eacute;t dạ d&agrave;y hoặc tr&agrave;o ngược.</p>\r\n\r\n<p><strong>Nước dừa</strong></p>\r\n\r\n<p>Đ&acirc;y l&agrave; nguồn cung cấp nước v&agrave; chất điện giải tự nhi&ecirc;n, bao gồm natri, kali, magie v&agrave; canxi, g&oacute;p phần duy tr&igrave; c&acirc;n bằng dịch thể, ổn định huyết &aacute;p v&agrave; hỗ trợ chức năng tế b&agrave;o. Nước dừa c&ograve;n gi&uacute;p điều h&ograve;a m&ocirc;i trường axit trong dạ d&agrave;y, th&uacute;c đẩy qu&aacute; tr&igrave;nh ti&ecirc;u h&oacute;a, giảm k&iacute;ch ứng ni&ecirc;m mạc dạ d&agrave;y.</p>\r\n\r\n<p><strong>Giấm t&aacute;o pha lo&atilde;ng</strong></p>\r\n\r\n<p>Thức uống n&agrave;y hỗ trợ ti&ecirc;u h&oacute;a v&agrave; giảm đầy hơi khi sử dụng hợp l&yacute;. Axit axetic trong giấm gi&uacute;p c&acirc;n bằng độ&nbsp;<a href=\"https://vnexpress.net/5-mon-de-gay-trao-nguoc-da-day-buoi-sang-4866828.html\" rel=\"dofollow\" target=\"_blank\">pH dạ d&agrave;y</a>&nbsp;v&agrave; c&oacute; đặc t&iacute;nh kh&aacute;ng khuẩn, cải thiện c&aacute;c triệu chứng kh&oacute; ti&ecirc;u. Giấm t&aacute;o được tạo ra từ qu&aacute; tr&igrave;nh l&ecirc;n men nước t&aacute;o hoặc rượu t&aacute;o, tương tự tr&agrave; kombucha, cung cấp c&aacute;c axit hữu cơ c&oacute; lợi cho hệ ti&ecirc;u h&oacute;a.</p>\r\n\r\n<p><strong>Nước mật ong ấm</strong></p>\r\n\r\n<p>T&iacute;nh kh&aacute;ng khuẩn của nước mật ong ấm hỗ trợ l&agrave;m l&agrave;nh vết lo&eacute;t dạ d&agrave;y. Người bệnh c&oacute; thể pha một th&igrave;a mật ong trong 200 ml nước ấm, uống trước bữa ăn 30 ph&uacute;t, c&oacute; thể th&ecirc;m 2 th&igrave;a tinh bột nghệ để tăng hiệu quả. Duy tr&igrave; 1-2 lần mỗi ng&agrave;y c&oacute; thể bảo vệ dạ d&agrave;y. Nghệ chứa curcumin c&oacute; t&aacute;c dụng kh&aacute;ng vi&ecirc;m, giảm axit, th&uacute;c đẩy phục hồi tổn thương.</p>\r\n\r\n<p><img alt=\"Bác sĩ Ngọc khám cho người bệnh. Ảnh: Bệnh viện Đa khoa Tâm Anh\" src=\"https://i1-suckhoe.vnecdn.net/2025/04/05/bs-ho-ng-ngo-c-1743816817-1743-7428-6220-1743816933.jpg?w=680&amp;h=0&amp;q=100&amp;dpr=1&amp;fit=crop&amp;s=gZ4VfeTfLKP_2xYxWtIiEQ\" /></p>\r\n\r\n<p>B&aacute;c sĩ Ngọc kh&aacute;m cho người bệnh. Ảnh:&nbsp;<em>Bệnh viện Đa khoa T&acirc;m Anh</em></p>\r\n\r\n<p><a href=\"https://tamanhhospital.vn/chuyen-gia/nguyen-hong-ngoc/\" rel=\"nofollow\" target=\"_blank\">B&aacute;c sĩ Hồng Ngọc</a>&nbsp;lưu &yacute; khi triệu chứng đầy hơi, đau bụng k&eacute;o d&agrave;i v&agrave; gia tăng, người bệnh cần đến cơ sở y tế hoặc bệnh viện uy t&iacute;n để kh&aacute;m. T&ugrave;y theo nguy&ecirc;n nh&acirc;n v&agrave; mức độ bệnh, b&aacute;c sĩ c&oacute; thể chỉ định điều trị với c&aacute;c nh&oacute;m thuốc ph&ugrave; hợp như thuốc trung h&ograve;a axit, thuốc ức chế bơm proton, thuốc bảo vệ ni&ecirc;m mạc dạ d&agrave;y... gi&uacute;p điều trị dứt điểm cơn đau.</p>\r\n\r\n<p><strong>Thảo Nhi</strong></p>\r\n', '2025-04-05 12:14:54', 5, 1),
(26, 10, 'Tổng Bí thư Tô Lâm hội đàm với Tổng thống Indonesia Prabowo Subianto', 'cdnmedia.baotintuc.vn-upload-rgkvwnpj74z1ecpzq6lta-files-2025-03-tuan3-_le6-10325.jpg', '<p>Theo TTXVN/B&aacute;o Tin tức&nbsp;&bull;&nbsp;10/03/2025 - 20:49</p>\r\n\r\n<p>Theo đặc ph&aacute;i vi&ecirc;n TTXVN, chiều 10/3, tại thủ đ&ocirc; Jakarta, Indonesia, sau lễ đ&oacute;n trọng thể tại Phủ Tổng thống - Cung điện Merdeka, Tổng B&iacute; thư T&ocirc; L&acirc;m đ&atilde; hội đ&agrave;m với Tổng thống Indonesia Prabowo Subianto.</p>\r\n\r\n<p><img alt=\"Chú thích ảnh\" src=\"https://btnmt.1cdn.vn/2025/03/10/cdnmedia.baotintuc.vn-upload-ond64xljqhpdjlq2gd1dpw-files-2025-03-_hoi-dam-10325.jpg\" /></p>\r\n\r\n<p>Tổng thống Indonesia Prabowo Subianto v&agrave; Tổng B&iacute; thư T&ocirc; L&acirc;m chụp ảnh chung trước khi tiến h&agrave;nh hội đ&agrave;m. Ảnh: Thống Nhất/ TTXVN</p>\r\n\r\n<p>Tổng thống Indonesia Prabowo Subianto nhiệt liệt ch&agrave;o mừng Tổng B&iacute; thư T&ocirc; L&acirc;m v&agrave; Phu nh&acirc;n c&ugrave;ng Đo&agrave;n đại biểu cấp cao của Đảng, Nh&agrave; nước Việt Nam thăm cấp Nh&agrave; nước Indonesia; nhấn mạnh chuyến thăm của Tổng B&iacute; thư c&oacute; &yacute; nghĩa đặc biệt trong năm hai nước kỷ niệm 70 năm thiết lập quan hệ ngoại giao, l&agrave; động lực lớn đưa quan hệ hai nước bước v&agrave;o giai đoạn ph&aacute;t triển mới, ng&agrave;y c&agrave;ng bền chặt, s&acirc;u rộng v&agrave; thực chất.</p>\r\n\r\n<p>Tổng thống Indonesia chia sẻ những kỷ niệm tốt đẹp về đất nước, con người Việt Nam trong chuyến thăm Việt Nam v&agrave;o th&aacute;ng 9/2024; b&agrave;y tỏ kh&acirc;m phục Chủ tịch Hồ Ch&iacute; Minh v&agrave; lịch sử đấu tranh gi&agrave;nh độc lập của Việt Nam cũng như những t&igrave;nh cảm đối với đất nước, con người Việt Nam. Tổng thống Prabowo Subianto khẳng định hai nước c&oacute; nhiều điểm tương đồng về lịch sử, c&ugrave;ng đấu tranh chống đế quốc thực d&acirc;n, chia sẻ những gi&aacute; trị chung, đ&oacute; l&agrave; độc lập, chủ quyền v&agrave; ấm no, hạnh ph&uacute;c cho người d&acirc;n, c&ugrave;ng chung tầm nh&igrave;n, đều mong th&agrave;nh nước ti&ecirc;n tiến, thu nhập cao v&agrave;o 2045 - năm kỉ niệm 100 năm th&agrave;nh lập nước.</p>\r\n\r\n<p>Tổng thống Indonesia ch&uacute;c mừng những th&agrave;nh tựu m&agrave; Việt Nam đạt được qua gần 40 năm đổi mới, trong đ&oacute; c&oacute; những kết quả quan trọng trong qu&aacute; tr&igrave;nh phục hồi v&agrave; ph&aacute;t triển kinh tế-x&atilde; hội. Tổng thống khẳng định Việt Nam lu&ocirc;n l&agrave; đối t&aacute;c quan trọng của Indonesia ở khu vực v&agrave; Indonesia mong muốn ph&aacute;t triển hơn nữa quan hệ với Việt Nam.</p>\r\n\r\n<p><img alt=\"Chú thích ảnh\" src=\"https://btnmt.1cdn.vn/2025/03/10/cdnmedia.baotintuc.vn-upload-rgkvwnpj74z1ecpzq6lta-files-2025-03-tuan3-_le4-10325.jpg\" /></p>\r\n\r\n<p>Tổng B&iacute; thư T&ocirc; L&acirc;m v&agrave; Tổng thống Cộng h&ograve;a Indonesia, Chủ tịch Đảng Phong tr&agrave;o Indonesia vĩ đại (Gerindra) Prabowo Subianto gặp hẹp . Ảnh: Thống Nhất/TTXVN</p>\r\n\r\n<p>Tổng B&iacute; thư T&ocirc; L&acirc;m b&agrave;y tỏ vui mừng đến thăm đất nước Indonesia tươi đẹp v&agrave; gi&agrave;u l&ograve;ng mến kh&aacute;ch; cảm ơn Ch&iacute;nh phủ v&agrave; nh&acirc;n d&acirc;n Indonesia v&agrave; c&aacute; nh&acirc;n Tổng thống Prabowo Subianto đ&atilde; d&agrave;nh cho đo&agrave;n sự đ&oacute;n tiếp th&acirc;n t&igrave;nh, chu đ&aacute;o, thắm t&igrave;nh anh em; tr&acirc;n trọng cảm ơn t&igrave;nh cảm đặc biệt của Tổng thống Prabowo Subianto đối với Chủ tịch Hồ Ch&iacute; Minh, đất nước v&agrave; nh&acirc;n d&acirc;n Việt Nam. Tổng B&iacute; thư T&ocirc; L&acirc;m nhấn mạnh Việt Nam lu&ocirc;n coi trọng v&agrave; d&agrave;nh ưu ti&ecirc;n cao cho quan hệ với Indonesia, đất nước c&oacute; vai tr&ograve; quan trọng h&agrave;ng đầu ở khu vực. Tổng B&iacute; thư T&ocirc; L&acirc;m đ&aacute;nh gi&aacute; cao Ch&iacute;nh phủ Indonesia thời gian qua đ&atilde; triển khai quyết liệt, hiệu quả nhiều chủ trương lớn, củng cố tự cường v&agrave; ph&aacute;t triển quốc gia, lấy con người l&agrave;m trung t&acirc;m, ph&aacute;t huy vai tr&ograve;, vị thế ở khu vực v&agrave; to&agrave;n cầu, đ&oacute;ng g&oacute;p t&iacute;ch cực v&agrave;o ho&agrave; b&igrave;nh, ổn định v&agrave; ph&aacute;t triển; tin tưởng chắc chắn rằng Indonesia sẽ tiếp tục thực hiện thắng lợi c&aacute;c tầm nh&igrave;n, mục ti&ecirc;u ph&aacute;t triển, đạt tốc độ tăng trưởng cao 8%/năm, trở th&agrave;nh nước ph&aacute;t triển v&agrave;o thời điểm kỷ niệm 100 năm lập quốc (17/8/1945 - 17/8/2045). Tổng B&iacute; thư th&ocirc;ng b&aacute;o về t&igrave;nh h&igrave;nh mọi mặt của Việt Nam v&agrave; cả đất nước đang nỗ lực bước v&agrave;o kỷ nguy&ecirc;n mới, kỷ nguy&ecirc;n vươn m&igrave;nh của d&acirc;n tộc Việt Nam.</p>\r\n\r\n<p>Hai nh&agrave; l&atilde;nh đạo b&agrave;y tỏ vui mừng quan hệ hữu nghị Việt Nam - Indonesia do hai L&atilde;nh tụ kiệt xuất l&agrave; Chủ tịch Hồ Ch&iacute; Minh v&agrave; Tổng thống Sukarno đặt nền m&oacute;ng đ&atilde; kh&ocirc;ng ngừng ph&aacute;t triển mạnh mẽ trong suốt 70 năm qua, ng&agrave;y c&agrave;ng thực chất, hiệu quả, nhất l&agrave; sau khi thiết lập Đối t&aacute;c chiến lược năm 2013. Tr&ecirc;n cơ sở những th&agrave;nh tựu vững chắc đ&atilde; đạt được, hai b&ecirc;n nhất tr&iacute; n&acirc;ng cấp quan hệ Việt Nam - Indonesia l&ecirc;n Đối t&aacute;c Chiến lược to&agrave;n diện. Việt Nam l&agrave; Đối t&aacute;c Chiến lược to&agrave;n diện đầu ti&ecirc;n của Indonesia trong ASEAN; khẳng định đ&acirc;y l&agrave; sự kiện lịch sử, đưa quan hệ Việt Nam &ndash; Indonesia bước v&agrave;o kỷ nguy&ecirc;n hợp t&aacute;c mới, s&acirc;u sắc, to&agrave;n diện v&agrave; thực chất hơn, v&igrave; lợi &iacute;ch của nh&acirc;n d&acirc;n hai nước cũng như ho&agrave; b&igrave;nh, ph&aacute;t triển, thịnh vượng của ASEAN v&agrave; thế giới.</p>\r\n\r\n<p><img alt=\"Chú thích ảnh\" src=\"https://btnmt.1cdn.vn/2025/03/10/cdnmedia.baotintuc.vn-upload-rgkvwnpj74z1ecpzq6lta-files-2025-03-tuan3-_le5-10325.jpg\" /></p>\r\n\r\n<p>Tổng B&iacute; thư T&ocirc; L&acirc;m v&agrave; Tổng thống Cộng h&ograve;a Indonesia, Chủ tịch Đảng Phong tr&agrave;o Indonesia vĩ đại (Gerindra) Prabowo Subianto hội đ&agrave;m. Ảnh: Thống Nhất/TTXVN</p>\r\n\r\n<p>Tổng B&iacute; thư T&ocirc; L&acirc;m v&agrave; Tổng thống Prabowo Subianto nhất tr&iacute; tiếp tục l&agrave;m s&acirc;u sắc hơn tin cậy ch&iacute;nh trị giữa hai nước th&ocirc;ng qua đẩy mạnh trao đổi, tiếp x&uacute;c, nhất l&agrave; cấp cao tr&ecirc;n tất cả c&aacute;c k&ecirc;nh Đảng, Nh&agrave; nước, Ch&iacute;nh phủ, Nghị viện, giao lưu nh&acirc;n d&acirc;n, doanh nghiệp v&agrave; kết nối địa phương; triển khai hiệu quả c&aacute;c cơ chế hợp t&aacute;c song phương, sớm x&acirc;y dựng Chương tr&igrave;nh h&agrave;nh động để khai th&aacute;c hiệu quả v&agrave; n&acirc;ng tầm hợp t&aacute;c tr&ecirc;n tất cả c&aacute;c lĩnh vực. Hai b&ecirc;n nhất tr&iacute; th&uacute;c đẩy hơn nữa hợp t&aacute;c quốc ph&ograve;ng - an ninh, đẩy mạnh trao đổi th&ocirc;ng tin, cứu hộ cứu nạn, tăng cường chia sẻ kinh nghiệm về ph&ograve;ng chống tội phạm xuy&ecirc;n quốc gia, đặc biệt l&agrave; c&aacute;c đường d&acirc;y lừa đảo trực tuyến, mua b&aacute;n người, cưỡng bức lao động v&agrave; c&aacute;c mối đe dọa khủng bố.</p>\r\n\r\n<p>Tổng B&iacute; thư T&ocirc; L&acirc;m v&agrave; Tổng thống Prabowo Subianto nhất tr&iacute; mở rộng v&agrave; l&agrave;m s&acirc;u sắc hơn nữa hợp t&aacute;c kinh tế; th&uacute;c đẩy kết nối giữa hai nền kinh tế tr&ecirc;n tinh thần hợp t&aacute;c c&ugrave;ng c&oacute; lợi v&agrave; c&ugrave;ng ph&aacute;t triển; th&aacute;o gỡ kh&oacute; khăn, r&agrave;o cản thương mại, hỗ trợ doanh nghiệp triển khai c&aacute;c hoạt động xuất nhập khẩu nhất l&agrave; n&ocirc;ng, thuỷ sản, phấn đấu sớm đạt 18 tỉ USD kim ngạch thương mại song phương theo hướng c&acirc;n bằng; th&uacute;c đẩy hợp t&aacute;c n&ocirc;ng nghiệp v&agrave; bảo đảm an ninh lương thực; khuyến kh&iacute;ch, tạo thuận lợi cho doanh nghiệp hai nước đầu tư thuận lợi v&agrave;o thị trường của nhau, nhất l&agrave; trong c&aacute;c lĩnh vực mới như kinh tế số, kinh tế xanh, chuyển đổi năng lượng, ph&aacute;t triển hệ sinh th&aacute;i xe điện, thương mại điện tử, giao h&agrave;ng th&ocirc;ng minh, thanh to&aacute;n số, thiết kế v&agrave; gia c&ocirc;ng phần mềm cho c&aacute;c nh&agrave; m&aacute;y sản xuất, x&acirc;y dựng giải ph&aacute;p c&ocirc;ng nghệ mới dựa tr&ecirc;n c&ocirc;ng nghệ AI, c&aacute;c sản phẩm halal. Tổng thống Prabowo Subianto đ&aacute;nh gi&aacute; cao v&agrave; mong muốn c&aacute;c doanh nghiệp lớn của Việt Nam như Vingroup v&agrave; TH True Milk tiếp tục mở rộng kinh doanh, đầu tư tại Indonesia.</p>\r\n\r\n<p>Hai b&ecirc;n cũng nhất tr&iacute; đẩy mạnh hợp t&aacute;c trong c&aacute;c lĩnh vực chuy&ecirc;n ng&agrave;nh, mở rộng hợp t&aacute;c về khoa học c&ocirc;ng nghệ, đổi mới s&aacute;ng tạo, c&ocirc;ng nghệ th&ocirc;ng tin, hướng tới việc x&acirc;y dựng quan hệ đối t&aacute;c số, kinh tế số, tăng cường hợp t&aacute;c tr&ecirc;n c&aacute;c lĩnh vực mới như kinh tế xanh, kinh tế số, đổi mới s&aacute;ng tạo, khoa học c&ocirc;ng nghệ, chuyển đối số. Hai nh&agrave; l&atilde;nh đạo nhất tr&iacute; đẩy mạnh giao lưu nh&acirc;n d&acirc;n, nhất l&agrave; thế hệ trẻ th&ocirc;ng qua c&aacute;c hoạt động giao lưu văn h&oacute;a, thể thao, gi&aacute;o dục đ&agrave;o tạo, du lịch, kết nối h&agrave;ng kh&ocirc;ng.</p>\r\n\r\n<p><img alt=\"Chú thích ảnh\" src=\"https://btnmt.1cdn.vn/2025/03/10/cdnmedia.baotintuc.vn-upload-rgkvwnpj74z1ecpzq6lta-files-2025-03-tuan3-_le6-10325.jpg\" /></p>\r\n\r\n<p>Tổng B&iacute; thư T&ocirc; L&acirc;m v&agrave; Tổng thống Cộng h&ograve;a Indonesia, Chủ tịch Đảng Phong tr&agrave;o Indonesia vĩ đại (Gerindra) Prabowo Subianto hội đ&agrave;m. Ảnh: Thống Nhất/TTXVN</p>\r\n\r\n<p>Hai nh&agrave; l&atilde;nh đạo đ&aacute;nh gi&aacute; cao việc hai nước thường xuy&ecirc;n phối hợp, ủng hộ lẫn nhau tại c&aacute;c diễn đ&agrave;n, tổ chức khu vực v&agrave; quốc tế, nhất l&agrave; tại ASEAN, Li&ecirc;n hợp quốc, Phong tr&agrave;o Kh&ocirc;ng li&ecirc;n kết&hellip; Khẳng định mong muốn hai nước phối hợp chặt chẽ hơn trong ASEAN để c&ugrave;ng x&acirc;y dựng một ASEAN mạnh, ph&aacute;t huy vai tr&ograve; trung t&acirc;m, củng cố đo&agrave;n kết nội khối.</p>\r\n\r\n<p>Trao đổi về c&aacute;c vấn đề khu vực v&agrave; quốc tế c&ugrave;ng quan t&acirc;m, hai b&ecirc;n nhấn mạnh tầm quan trọng của việc duy tr&igrave; h&ograve;a b&igrave;nh, an ninh, ổn định, an to&agrave;n v&agrave; tự do h&agrave;ng hải, h&agrave;ng kh&ocirc;ng tr&ecirc;n Biển Đ&ocirc;ng; giải quyết h&ograve;a b&igrave;nh c&aacute;c tranh chấp, kh&ocirc;ng đe dọa hoặc sử dụng vũ lực, giải quyết tranh chấp bằng biện ph&aacute;p h&ograve;a b&igrave;nh, ph&ugrave; hợp với c&aacute;c nguy&ecirc;n tắc của luật ph&aacute;p quốc tế, trong đ&oacute; c&oacute; C&ocirc;ng ước Li&ecirc;n hợp quốc về Luật Biển năm 1982 (UNCLOS 1982), kh&ocirc;ng tiến h&agrave;nh c&aacute;c hoạt động c&oacute; thể l&agrave;m leo thang căng thẳng, ảnh hưởng tới h&ograve;a b&igrave;nh, ổn định tr&ecirc;n Biển Đ&ocirc;ng. Hai nh&agrave; l&atilde;nh đạo nhất tr&iacute; k&ecirc;u gọi thực hiện đầy đủ Tuy&ecirc;n bố về ứng xử của c&aacute;c b&ecirc;n ở Biển Đ&ocirc;ng (DOC), th&uacute;c đẩy đ&agrave;m ph&aacute;n Bộ Quy tắc ứng xử của c&aacute;c b&ecirc;n ở Biển Đ&ocirc;ng (COC) thực chất, hiệu lực, ph&ugrave; hợp với luật ph&aacute;p quốc tế, nhất l&agrave; C&ocirc;ng ước của Li&ecirc;n hợp quốc về Luật Biển (UNCLOS) 1982.</p>\r\n\r\n<p>Nh&acirc;n dịp n&agrave;y, Tổng B&iacute; thư tr&acirc;n trọng mời Tổng thống Prabowo Subianto thăm Việt Nam v&agrave; mời l&atilde;nh đạo Indonesia tham dự Hội nghị thượng đỉnh v&igrave; tăng trưởng xanh v&agrave; mục ti&ecirc;u to&agrave;n cầu (P4G) lần thứ tư v&agrave;o th&aacute;ng 4 tới tại H&agrave; Nội. Tổng thống Prabowo Subianto đ&atilde; vui vẻ nhận lời v&agrave; mong muốn sớm thăm lại Việt Nam.</p>\r\n\r\n<p>Sau hội đ&agrave;m, Tổng B&iacute; thư T&ocirc; L&acirc;m v&agrave; Tổng thống Prabowo Subianto chứng kiến lễ trao đổi c&aacute;c văn kiện hợp t&aacute;c v&agrave; gặp gỡ b&aacute;o ch&iacute; để th&ocirc;ng tin về kết quả hội đ&agrave;m; ch&iacute;nh thức c&ocirc;ng bố n&acirc;ng cấp quan hệ Việt Nam &ndash; Indonesia l&ecirc;n Đối t&aacute;c Chiến lược to&agrave;n diện.</p>\r\n', '2025-04-05 12:17:32', 5, 1),
(27, 3, 'Thủ tướng kêu gọi quốc gia giàu hỗ trợ nước đang phát triển chuyển đổi xanh', 'chinh-jpeg-1744808241-17448082-6458-5742-1744845644.png', '<p>C&aacute;c nước ph&aacute;t triển cần ti&ecirc;n phong trong hỗ trợ t&agrave;i ch&iacute;nh, c&ocirc;ng nghệ, kinh nghiệm quản trị, gi&uacute;p nh&oacute;m nước đang v&agrave; k&eacute;m ph&aacute;t triển chuyển đổi xanh, theo Thủ tướng.</p>\r\n\r\n<p>Thủ tướng Phạm Minh Ch&iacute;nh chiều 16/4 chủ tr&igrave; phi&ecirc;n thảo luận cấp cao trong khu&ocirc;n khổ Hội nghị thượng đỉnh Đối t&aacute;c v&igrave; tăng trưởng xanh v&agrave; mục ti&ecirc;u to&agrave;n cầu 2030 (<a href=\"https://vnexpress.net/viet-nam-se-uu-tien-thuc-day-startup-xanh-4874825.html\" rel=\"dofollow\">P4G</a>) lần thứ tư. Đ&acirc;y l&agrave; hội nghị cấp cao đa phương về tăng trưởng xanh với quy m&ocirc; lớn nhất do Việt Nam đăng cai tổ chức giai đoạn 2021-2026.</p>\r\n\r\n<p>Thủ tướng đề xuất hợp t&aacute;c P4G đ&oacute;ng vai tr&ograve; &quot;mở đường&quot; cho qu&aacute; tr&igrave;nh thử nghiệm c&aacute;c ch&iacute;nh s&aacute;ch mới, c&aacute;c phương thức kết nối nguồn lực, nhất l&agrave; hợp t&aacute;c c&ocirc;ng - tư, sự hỗ trợ từ c&aacute;c nước ph&aacute;t triển cho c&aacute;c nước đang ph&aacute;t triển nhằm th&uacute;c đẩy qu&aacute; tr&igrave;nh chuyển đổi xanh bền vững, bao tr&ugrave;m.</p>\r\n\r\n<p>Thủ tướng đề nghị c&aacute;c nước ph&aacute;t triển ph&aacute;t huy mạnh mẽ hơn vai tr&ograve; ti&ecirc;n phong trong hỗ trợ t&agrave;i ch&iacute;nh, c&ocirc;ng nghệ, kinh nghiệm quản trị, gi&uacute;p c&aacute;c nước đang v&agrave; k&eacute;m ph&aacute;t triển chuyển đổi xanh, hiện thực h&oacute;a c&aacute;c mục ti&ecirc;u ph&aacute;t triển bền vững, bảo đảm sinh kế cho người d&acirc;n.</p>\r\n\r\n<p><img alt=\"Thủ tướng Phạm Minh Chính phát biểu tại Hội nghị thượng đỉnh P4G, ngày 16/4. Ảnh: Minh Hoàng\" src=\"https://i1-kinhdoanh.vnecdn.net/2025/04/17/chinh-jpeg-1744808241-17448082-6458-5742-1744845644.jpg?w=680&amp;h=0&amp;q=100&amp;dpr=1&amp;fit=crop&amp;s=xWv7EIBOyQRq3cam4wIBPQ\" /></p>\r\n\r\n<p>Thủ tướng Phạm Minh Ch&iacute;nh ph&aacute;t biểu tại Hội nghị thượng đỉnh P4G, ng&agrave;y 16/4. Ảnh:&nbsp;<em>Minh Ho&agrave;ng</em></p>\r\n\r\n<p>Đồng t&igrave;nh với &yacute; kiến tr&ecirc;n, đại diện Hội nghị Li&ecirc;n Hợp Quốc về Thương mại v&agrave; Ph&aacute;t triển (UNCTAD) cho rằng qu&aacute; tr&igrave;nh chuyển đổi xanh cần t&iacute;nh đến việc &quot;liệu c&oacute; bỏ ai ở lại ph&iacute;a sau&quot;.</p>\r\n\r\n<p>B&agrave; lấy v&iacute; dụ quy m&ocirc; c&ocirc;ng nghệ sạch trong ng&agrave;nh năng lượng to&agrave;n cầu vượt 2.000 tỷ USD, nhưng chỉ 15% được đầu tư v&agrave;o c&aacute;c nước đang ph&aacute;t triển. Một v&iacute; dụ kh&aacute;c l&agrave; cobalt, một vật liệu cần thiết trong chế tạo pin. D&ugrave; cung ứng tới 70% nguy&ecirc;n liệu cho to&agrave;n thế giới, Cộng h&ograve;a D&acirc;n chủ Congo chỉ nhận được 3% trong chuỗi gi&aacute; trị.</p>\r\n\r\n<p>&quot;Ch&uacute;ng ta cần một hệ sinh th&aacute;i hỗ trợ t&agrave;i ch&iacute;nh cho c&aacute;c nước đang ph&aacute;t triển cao hơn 2-4 lần c&aacute;c nước ph&aacute;t triển&quot;, đại diện UNCTAD n&oacute;i. B&agrave; cũng đề xuất một khu&ocirc;n khổ ch&iacute;nh s&aacute;ch ph&ugrave; hợp nhằm th&uacute;c đẩy x&acirc;y dựng năng lực, chuyển giao c&ocirc;ng nghệ cho nh&oacute;m doanh nghiệp nhỏ v&agrave; vừa cũng như hệ sinh th&aacute;i đổi mới s&aacute;ng tạo.</p>\r\n\r\n<p>&quot;Th&aacute;ch thức ch&uacute;ng ta phải đối mặt kh&ocirc;ng phải l&agrave; &#39;c&oacute; thể xanh h&oacute;a hay kh&ocirc;ng&#39; m&agrave; l&agrave; &#39;c&oacute; thể gi&uacute;p nền kinh tế b&igrave;nh đẳng, c&ocirc;ng bằng hay kh&ocirc;ng&#39;&quot;, b&agrave; nhấn mạnh.</p>\r\n\r\n<p>Ph&aacute;t biểu trong th&ocirc;ng điệp ghi h&igrave;nh gửi đến phi&ecirc;n thảo luận, Tổng thống Ph&aacute;p Emmanuel Macron khẳng định th&ocirc;ng điệp &quot;kh&ocirc;ng quốc gia n&agrave;o phải chọn giữa chống đ&oacute;i ngh&egrave;o v&agrave; cứu Tr&aacute;i Đất&quot;. &Ocirc;ng cũng cho rằng việc huy động nguồn t&agrave;i ch&iacute;nh cần thiết cần th&ocirc;ng qua cải tổ c&aacute;c cơ chế đa phương v&agrave; huy động t&agrave;i ch&iacute;nh tư nh&acirc;n.</p>\r\n\r\n<p>Thủ tướng H&agrave; Lan Dick Schoof cũng nhận định quyết t&acirc;m, tầm nh&igrave;n d&agrave;i hạn v&agrave; hợp t&aacute;c c&ocirc;ng - tư l&agrave; ch&igrave;a kh&oacute;a để th&uacute;c đẩy đồng thời tăng trưởng kinh tế v&agrave; ph&aacute;t triển bền vững. B&ecirc;n cạnh đ&oacute;, đại diện từ H&agrave;n Quốc cam kết tiếp tục hỗ trợ t&agrave;i ch&iacute;nh trong năm 2025 cho c&aacute;c dự &aacute;n P4G.</p>\r\n\r\n<p>Cũng tại phi&ecirc;n thảo luận, c&aacute;c đại biểu nhấn mạnh chỉ c&ograve;n 5 năm để thực hiện c&aacute;c Mục ti&ecirc;u ph&aacute;t triển bền vững (SDGs), nhưng nhiều mục ti&ecirc;u c&ograve;n chậm tiến độ, thậm ch&iacute; bị đảo ngược. Trong bối cảnh biến đổi kh&iacute; hậu ng&agrave;y c&agrave;ng nghi&ecirc;m trọng, thi&ecirc;n tai diễn biến phức tạp, chuyển đổi xanh, lấy con người l&agrave;m trung t&acirc;m trở th&agrave;nh con đường thiết yếu.</p>\r\n\r\n<p>Kết luận phi&ecirc;n họp, Thủ tướng Phạm Minh Ch&iacute;nh nh&igrave;n nhận c&aacute;c th&aacute;ch thức chuyển đổi xanh hiện mang t&iacute;nh to&agrave;n diện, to&agrave;n cầu, to&agrave;n d&acirc;n, v&agrave; cần c&aacute;ch tiếp cận tương tự để kh&ocirc;ng ai bị bỏ lại ph&iacute;a sau, nhất l&agrave; c&aacute;c nh&oacute;m yếu thế, dễ bị tổn thương trong chuyển đổi.</p>\r\n\r\n<p>B&ecirc;n cạnh đ&oacute;, l&atilde;nh đạo Việt Nam đề cao chủ nghĩa đa phương, k&ecirc;u gọi hợp t&aacute;c quốc tế để giải quyết c&aacute;c vấn đề to&agrave;n cầu, trong bối cảnh chuyển đổi xanh l&agrave; xu hướng kh&ocirc;ng thể đảo ngược hay tr&igrave; ho&atilde;n. Trong đ&oacute;, c&aacute;c m&ocirc; h&igrave;nh hợp t&aacute;c, đối t&aacute;c c&ocirc;ng tư (PPP), hợp t&aacute;c ba b&ecirc;n, Nam - Nam, Bắc - Nam cần được th&uacute;c đẩy để tạo cơ chế, điều kiện thuận lợi để người d&acirc;n, doanh nghiệp đầu tư v&agrave;o c&aacute;c dự &aacute;n chuyển đổi xanh, ph&aacute;t triển bền vững.</p>\r\n\r\n<p>Tại Việt Nam, c&ugrave;ng với chuyển đổi số, chuyển đổi xanh được x&aacute;c định l&agrave; yếu tố then chốt v&agrave; động lực th&uacute;c đẩy tăng trưởng nhanh, xanh v&agrave; bền vững, hiện thực ho&aacute; mục ti&ecirc;u trở th&agrave;nh nước c&oacute; thu nhập trung b&igrave;nh cao v&agrave;o năm 2030 v&agrave; thu nhập cao v&agrave;o 2045. Qu&aacute; tr&igrave;nh chuyển đổi n&agrave;y cũng g&oacute;p phần gi&uacute;p Việt Nam từng bước hiện thực h&oacute;a c&aacute;c cam kết đưa mức ph&aacute;t thải r&ograve;ng về 0 (<a href=\"https://vnexpress.net/chu-de/net-zero-7882\" rel=\"dofollow\">Net Zero</a>) v&agrave;o năm 2050.</p>\r\n\r\n<p>Diễn đ&agrave;n P4G l&agrave; s&aacute;ng kiến từ năm 2017, với 9 quốc gia th&agrave;nh vi&ecirc;n gồm Đan Mạch, Việt Nam, H&agrave;n Quốc, Ethiopia, Kenya, Colombia, H&agrave; Lan, Indonesia v&agrave; Nam Phi c&ugrave;ng Diễn đ&agrave;n Kinh tế Thế giới (WEF), Tổ chức T&agrave;i ch&iacute;nh Quốc tế (IFC). S&aacute;ng kiến đ&atilde; cung cấp hỗ trợ t&agrave;i ch&iacute;nh, kỹ thuật cho c&aacute;c doanh nghiệp nhỏ v&agrave; si&ecirc;u nhỏ trong lĩnh vực chống biến đổi kh&iacute; hậu, với kinh ph&iacute; từ ba nước th&agrave;nh vi&ecirc;n Đan Mạch, H&agrave; Lan v&agrave; H&agrave;n Quốc.</p>\r\n\r\n<p>Trong đ&oacute;, hội nghị thượng đỉnh P4G l&agrave; hoạt động quan trọng nhất, được tổ chức hai năm một lần. Hội nghị P4G lần thứ tư diễn ra tại H&agrave; Nội từ ng&agrave;y 15-17/4/2025 gồm hơn 20 phi&ecirc;n thảo luận c&ugrave;ng triển l&atilde;m xanh, kết nối doanh nghiệp.</p>\r\n', '2025-04-17 08:39:18', 3, 1),
(28, 3, 'Chủ tịch Fed cảnh báo hậu quả kinh tế từ thuế nhập khẩu', '2023-12-13T195157Z-1123770848-5379-6787-1744850735.webp', '<p>&Ocirc;ng Jerome Powell cho rằng thuế nhập khẩu đang đẩy nền kinh tế v&agrave;o con đường tăng trưởng chậm lại, thất nghiệp tăng l&ecirc;n v&agrave; lạm ph&aacute;t cao hơn.</p>\r\n\r\n<p>Tại một sự kiện do C&acirc;u lạc bộ Kinh tế Chicago tổ chức ng&agrave;y 16/4, Chủ tịch Cục Dự trữ li&ecirc;n bang Mỹ (Fed) Jerome Powell nhận định những thay đổi lớn về ch&iacute;nh s&aacute;ch của Tổng thống Mỹ Donald Trump, trong đ&oacute; c&oacute; thuế nhập khẩu, chưa từng xảy ra trong lịch sử hiện tại. Việc n&agrave;y khiến Fed đối mặt với t&igrave;nh huống chưa c&oacute; tiền lệ.</p>\r\n\r\n<p>&quot;Đ&acirc;y l&agrave; những thay đổi mang t&iacute;nh căn bản. Ch&uacute;ng ta chưa c&oacute; kinh nghiệm hiện đại n&agrave;o để tham khảo&quot; &ocirc;ng Powell ph&aacute;t biểu. &Ocirc;ng thừa nhận đến nay, mức tăng thuế nhập khẩu được c&ocirc;ng bố lớn hơn đ&aacute;ng kể so với dự b&aacute;o v&agrave; sự bất ổn k&eacute;o d&agrave;i quanh ch&iacute;nh s&aacute;ch thuế c&oacute; thể g&acirc;y ra c&aacute;c tổn thương kinh tế l&acirc;u d&agrave;i.</p>\r\n\r\n<p>Ch&iacute;nh s&aacute;ch thuế của &ocirc;ng Trump đang đẩy nền kinh tế v&agrave;o con đường tăng trưởng chậm lại, thất nghiệp tăng l&ecirc;n v&agrave; lạm ph&aacute;t cao hơn. Ba việc n&agrave;y diễn ra đồng thời. Đ&acirc;y l&agrave; t&igrave;nh huống Fed chưa từng đối mặt trong khoảng 50 năm qua. &quot;Fed c&oacute; thể rơi v&agrave;o t&igrave;nh huống kh&oacute; khăn khi mục ti&ecirc;u k&eacute;p m&acirc;u thuẫn với nhau,&quot; &ocirc;ng n&oacute;i th&ecirc;m.</p>\r\n\r\n<p><img alt=\"Chủ tịch Fed Jerome Powell trong một cuộc họp báo ở Washington. Ảnh: Reuters\" src=\"https://i1-kinhdoanh.vnecdn.net/2025/04/17/2023-12-13T195157Z-1123770848-5379-6787-1744850735.jpg?w=680&amp;h=0&amp;q=100&amp;dpr=1&amp;fit=crop&amp;s=KFbVmoMBdgOriJjaopnmzA\" /></p>\r\n\r\n<p>Chủ tịch Fed Jerome Powell trong một cuộc họp b&aacute;o ở Washington. Ảnh:&nbsp;<em>Reuters</em></p>\r\n\r\n<p>Thị trường chứng kho&aacute;n Mỹ lao dốc sau ph&aacute;t biểu của Powell. Chốt phi&ecirc;n giao dịch 16/4, chỉ số Dow Jones mất 700 điểm (tương đương 1,7%), S&amp;P 500 giảm 2,5%, c&ograve;n Nasdaq Composite giảm 3,5%.</p>\r\n\r\n<p>Fed c&oacute; nhiệm vụ th&uacute;c đẩy việc l&agrave;m v&agrave; kiểm so&aacute;t lạm ph&aacute;t. Powell cho rằng c&aacute;c ch&iacute;nh s&aacute;ch thuế của Trump đang đe dọa cả hai mục ti&ecirc;u n&agrave;y. D&ugrave; vậy, theo dữ liệu mới nhất, nền kinh tế Mỹ hiện vẫn ở trạng th&aacute;i ổn định.</p>\r\n\r\n<p>Powell cho biết Fed sẽ chưa điều chỉnh ch&iacute;nh s&aacute;ch ngay. Họ cần th&ecirc;m dữ liệu để x&aacute;c định r&otilde; t&aacute;c động của c&aacute;c ch&iacute;nh s&aacute;ch mới với nền kinh tế.</p>\r\n\r\n<p>Tuy nhi&ecirc;n, hầu hết nh&agrave; kinh tế dự b&aacute;o kịch bản lạm ph&aacute;t tăng, thất nghiệp tăng v&agrave; tăng trưởng suy yếu chỉ l&agrave; vấn đề thời gian, đặc biệt nếu thuế đối ứng c&oacute; hiệu lực trở lại sau 90 ng&agrave;y. Đến nay, &ocirc;ng Trump đ&atilde; c&ocirc;ng bố &aacute;p thuế 25% với nh&ocirc;m, th&eacute;p; thuế 25% đối với h&agrave;ng h&oacute;a từ Mexico v&agrave; Canada; thuế 145% đối với h&agrave;ng nhập khẩu từ Trung Quốc; thuế 25% với &ocirc;t&ocirc; con, xe tải nhỏ v&agrave; phụ t&ugrave;ng xe hơi. To&agrave;n bộ đối t&aacute;c thương mại của Mỹ hiện cũng chịu thuế 10% khi b&aacute;n h&agrave;ng sang nước n&agrave;y.</p>\r\n\r\n<p>&quot;Jerome Powell vừa đưa ra lời cảnh b&aacute;o r&otilde; r&agrave;ng với &ocirc;ng Trump về nguy cơ lạm ph&aacute;t cao, tăng trưởng chậm. Đ&oacute; cũng l&agrave; lời tuy&ecirc;n bố rằng Fed sẽ kh&ocirc;ng giảm l&atilde;i suất theo lời k&ecirc;u gọi của Nh&agrave; Trắng&quot;, David Russell - Gi&aacute;m đốc chiến lược thị trường to&agrave;n cầu tại TradeStation nhận định.</p>\r\n\r\n<p>&Ocirc;ng Trump nhiều lần tuy&ecirc;n bố rằng nước ngo&agrave;i sẽ phải trả thuế. Tuy nhi&ecirc;n, Chủ tịch Fed nhấn mạnh điều đ&oacute; kh&ocirc;ng đ&uacute;ng. &Ocirc;ng giải th&iacute;ch c&aacute;c ch&iacute;nh s&aacute;ch thuế nhập khẩu sẽ khiến tỷ lệ thất nghiệp tăng l&ecirc;n khi nền kinh tế chững lại. &quot;Nhiều khả năng lạm ph&aacute;t cũng sẽ tăng theo. N&oacute;i c&aacute;ch kh&aacute;ch, một phần g&aacute;nh năng thuế nhập khẩu sẽ do người d&acirc;n chi trả&quot;, &ocirc;ng n&oacute;i.</p>\r\n\r\n<p>Trong thập ni&ecirc;n 70 v&agrave; đầu thập ni&ecirc;n 80 của thế kỷ trước, kinh tế Mỹ từng trải qua giai đoạn vừa thất nghiệp cao vừa lạm ph&aacute;t cao. Khi đ&oacute;, Chủ tịch Fed Paul Volcker đ&atilde; ưu ti&ecirc;n kiểm so&aacute;t lạm ph&aacute;t, chấp nhận tổn thương về kinh tế.</p>\r\n\r\n<p>Nhiều dự b&aacute;o hiện tại cho thấy kinh tế Mỹ đang đi theo chiều hướng đ&oacute;. Chủ tịch Fed Chicago Austan Goolsbee tuần trước cho biết tại một sự kiện ở New York rằng ch&iacute;nh s&aacute;ch thuế của &ocirc;ng Trump đang đặt Fed v&agrave;o một t&igrave;nh thế kh&oacute; khăn tương tự.</p>\r\n\r\n<p>&quot;Thuế nhập khẩu l&agrave; c&uacute; sốc về nguồn cung. N&oacute; khiến cả hai nhiệm vụ của Fed xấu đi c&ugrave;ng l&uacute;c. Gi&aacute; cả tăng, việc l&agrave;m giảm v&agrave; tăng trưởng đi xuống. Kh&ocirc;ng c&oacute; một cẩm nang n&agrave;o để Fed ứng ph&oacute; với c&uacute; sốc kiểu n&agrave;y&quot;, &ocirc;ng n&oacute;i.</p>\r\n', '2025-04-17 08:40:38', 3, 1),
(29, 3, 'Giá vàng miếng tăng tiếp lên 118 triệu đồng', 'BB.png', '<p>Mỗi lượng v&agrave;ng miếng tiếp tục tăng nhanh 2,5-3,5 triệu một lượng, lập kỷ lục 118 triệu đồng v&agrave; v&ecirc;nh tới 13,5 triệu đồng với thế giới.</p>\r\n\r\n<p>8h30 s&aacute;ng 17/4, C&ocirc;ng ty V&agrave;ng bạc đ&aacute; qu&yacute; S&agrave;i G&ograve;n (SJC) ni&ecirc;m yết&nbsp;<a href=\"https://vnexpress.net/chu-de/gia-vang-1403\" rel=\"dofollow\">gi&aacute; v&agrave;ng</a>&nbsp;miếng tại 115,5 - 118 triệu đồng mỗi lượng, tăng 2,5 triệu đồng mỗi lượng so với cuối chiều qua. C&aacute;c thương hiệu lớn kh&aacute;c cũng ni&ecirc;m yết gi&aacute; v&agrave;ng miếng tương ứng. Ch&ecirc;nh lệch gi&aacute; mua v&agrave; b&aacute;n hiện neo quanh 2,5 triệu đồng mỗi lượng.</p>\r\n\r\n<p>C&ugrave;ng thời điểm, nhẫn trơn tại SJC l&ecirc;n 114 - 117 triệu đồng, cao hơn 3,5 triệu đồng so với h&ocirc;m qua. Bảo T&iacute;n Minh Ch&acirc;u n&acirc;ng gi&aacute; nhẫn trơn l&ecirc;n 114,5 - 117,5 triệu đồng mỗi lượng.</p>\r\n\r\n<p>Gi&aacute; v&agrave;ng trong nước tăng với tốc độ ch&oacute;ng mặt v&agrave; bỏ xa gi&aacute; thế giới trong v&agrave;i ng&agrave;y gần đ&acirc;y. Chỉ ri&ecirc;ng trong 3 ng&agrave;y gần đ&acirc;y, mỗi lượng v&agrave;ng đ&atilde; tăng hơn 10 triệu đồng mỗi lượng.</p>\r\n\r\n<p>Gi&aacute; v&agrave;ng miếng SJC đang được Ng&acirc;n h&agrave;ng Nh&agrave; nước ấn định, bằng c&aacute;ch ni&ecirc;m yết gi&aacute; b&aacute;n cho 4 ng&acirc;n h&agrave;ng quốc doanh v&agrave; SJC, song ch&ecirc;nh lệch giữa thị trường trong nước v&agrave; quốc tế s&aacute;ng nay nới rộng l&ecirc;n v&ugrave;ng 12,5 - 13,5 triệu đồng một lượng.</p>\r\n\r\n<p>Tr&ecirc;n thị trường quốc tế, kim loại qu&yacute; cũng li&ecirc;n tục x&aacute;c lập đỉnh mới tr&ecirc;n 3.350 USD một ounce. 9h theo giờ H&agrave; Nội, gi&aacute; v&agrave;ng giao ngay neo quanh 3.325 USD một ounce, quy đổi theo tỷ gi&aacute; b&aacute;n Vietcombank tương đương 104,5 triệu đồng mỗi lượng.</p>\r\n\r\n<p>Kh&ocirc;ng kh&iacute; giao dịch tr&ecirc;n thị trường s&ocirc;i nổi trong v&agrave;i ng&agrave;y gần đ&acirc;y. Một số thương hiệu lớn tại TP HCM như SJC, Mi Hồng... ghi nhận lượng kh&aacute;ch giao dịch đ&ocirc;ng đ&uacute;c hơn thường ng&agrave;y. C&aacute;c đơn vị duy tr&igrave; ch&iacute;nh s&aacute;ch giới hạn lượng mua nhẫn trơn v&agrave; v&agrave;ng miếng, trong đ&oacute; c&oacute; nhiều thời điểm trong ng&agrave;y như tại Mi Hồng, mặt h&agrave;ng v&agrave;ng miếng tạm thời hết h&agrave;ng.</p>\r\n', '2025-04-17 10:01:02', 3, 1);

--
-- Chỉ mục cho các bảng đã đổ
--

--
-- Chỉ mục cho bảng `binhluan`
--
ALTER TABLE `binhluan`
  ADD PRIMARY KEY (`id`),
  ADD KEY `lien_ket_02` (`tintuc_id`),
  ADD KEY `lien_ket_03` (`nguoidung_id`);

--
-- Chỉ mục cho bảng `chude`
--
ALTER TABLE `chude`
  ADD PRIMARY KEY (`id`);

--
-- Chỉ mục cho bảng `gopy`
--
ALTER TABLE `gopy`
  ADD PRIMARY KEY (`id`);

--
-- Chỉ mục cho bảng `nguoidung`
--
ALTER TABLE `nguoidung`
  ADD PRIMARY KEY (`id`);

--
-- Chỉ mục cho bảng `tintuc`
--
ALTER TABLE `tintuc`
  ADD PRIMARY KEY (`id`),
  ADD KEY `lien_ket_01` (`chude_id`);

--
-- AUTO_INCREMENT cho các bảng đã đổ
--

--
-- AUTO_INCREMENT cho bảng `binhluan`
--
ALTER TABLE `binhluan`
  MODIFY `id` int(11) NOT NULL AUTO_INCREMENT, AUTO_INCREMENT=11;

--
-- AUTO_INCREMENT cho bảng `chude`
--
ALTER TABLE `chude`
  MODIFY `id` int(11) NOT NULL AUTO_INCREMENT, AUTO_INCREMENT=12;

--
-- AUTO_INCREMENT cho bảng `gopy`
--
ALTER TABLE `gopy`
  MODIFY `id` int(11) NOT NULL AUTO_INCREMENT, AUTO_INCREMENT=6;

--
-- AUTO_INCREMENT cho bảng `nguoidung`
--
ALTER TABLE `nguoidung`
  MODIFY `id` int(11) NOT NULL AUTO_INCREMENT, AUTO_INCREMENT=6;

--
-- AUTO_INCREMENT cho bảng `tintuc`
--
ALTER TABLE `tintuc`
  MODIFY `id` int(11) NOT NULL AUTO_INCREMENT, AUTO_INCREMENT=33;

--
-- Các ràng buộc cho các bảng đã đổ
--

--
-- Các ràng buộc cho bảng `binhluan`
--
ALTER TABLE `binhluan`
  ADD CONSTRAINT `lien_ket_02` FOREIGN KEY (`tintuc_id`) REFERENCES `tintuc` (`id`),
  ADD CONSTRAINT `lien_ket_03` FOREIGN KEY (`nguoidung_id`) REFERENCES `nguoidung` (`id`);

--
-- Các ràng buộc cho bảng `tintuc`
--
ALTER TABLE `tintuc`
  ADD CONSTRAINT `lien_ket_01` FOREIGN KEY (`chude_id`) REFERENCES `chude` (`id`);
COMMIT;

/*!40101 SET CHARACTER_SET_CLIENT=@OLD_CHARACTER_SET_CLIENT */;
/*!40101 SET CHARACTER_SET_RESULTS=@OLD_CHARACTER_SET_RESULTS */;
/*!40101 SET COLLATION_CONNECTION=@OLD_COLLATION_CONNECTION */;
